video_id,title,channel,view_count,like_count,comment,author,reply_to,comment_likes,published_at,clean_comment,clean_title,video_label,tokens,token_count
VWKd8B98ia4,Doctor Mike Reacts To House MD | Compilation,Doctor Mike,15137517,205800,3/3 are worms im scared for the next one 😔😔😔,@LexiMataya,,0,2026-04-03T06:52:08Z,are worms im scared for the next one,doctor mike reacts to house md compilation,doctor,"['worms', 'im', 'scared', 'next']",4
MTDkExiOwZU,4 Carnivore Experts: The Ultimate Carnivore Diet For Women 2024,The Primal Podcast,430393,15351,"@manakono2649 I am also Japanese and I have been questioning this. No “carnivore”  can rebuttal why we eat white rice without inflammation. Possibly the fermented foods. 
I’m currently doing carnivore and I’m miserable.  It’s not balanced. I feel off. I gained weight.  
I believe I would do better OFF carnivore and back to a basic Japanese  diet .",@beecampbell5903,@manakono2649,6,2025-03-24T11:23:09Z,manakono i am also japanese and i have been questioning this no carnivore can rebuttal why we eat white rice without inflammation possibly the fermented foods im currently doing carnivore and im miserable its not balanced i feel off i gained weight i believe i would do better off carnivore and back to a basic japanese diet,carnivore experts the ultimate carnivore diet for women,influencer,"['manakono', 'japanese', 'questioning', 'carnivore', 'rebuttal', 'eat', 'white', 'rice', 'without', 'inflammation', 'possibly', 'fermented', 'foods', 'im', 'currently', 'carnivore', 'im', 'miserable', 'balanced', 'feel', 'gained', 'weight', 'believe', 'better', 'carnivore', 'back', 'basic', 'japanese', 'diet']",29
WPIZdNqRVY4,I tried the Carnivore Diet for a week...,Will Tennyson,3073416,83599,"If you're craving carbs on keto, you're doing it wrong",@alexcrossley148,,0,2026-04-08T15:40:36Z,if youre craving carbs on keto youre doing it wrong,i tried the carnivore diet for a week,influencer,"['youre', 'craving', 'carbs', 'keto', 'youre', 'wrong']",6
gKvlB-n59og,NUTRITION TRUTHS That Wellness Influencers ❌ DON&#39;T ❌ Want You to Know,Abbey Sharp,217965,8778,"THANK YOU FOR SCIENCE. What moron would actually think oats are that bad for you when switching breakfast to oatmeal has been treating type 2 diabetes, high cholesterol, and heart disease for literal decades?

Thanks for the info on the EWG also, I had no idea they were a dubiously qualified panel of greenwashing capitalists 😬",@Kitsune-DAS,,0,2024-01-15T12:57:38Z,thank you for science what moron would actually think oats are that bad for you when switching breakfast to oatmeal has been treating type diabetes high cholesterol and heart disease for literal decades thanks for the info on the ewg also i had no idea they were a dubiously qualified panel of greenwashing capitalists,nutrition truths that wellness influencers dont want you to know,influencer,"['thank', 'science', 'moron', 'oats', 'bad', 'switching', 'breakfast', 'oatmeal', 'treating', 'type', 'diabetes', 'high', 'cholesterol', 'heart', 'disease', 'literal', 'decades', 'thanks', 'info', 'ewg', 'idea', 'dubiously', 'qualified', 'panel', 'greenwashing', 'capitalists']",26
h7PkIxS9Skg,Woman on Carnivore Diet | Kendahl Landreth,Kendahl Landreth,814593,42426,@AnneShirley1995😂😂😂,@pinklatte4655,@pinklatte4655,1,2025-07-23T14:08:44Z,anneshirley,woman on carnivore diet kendahl landreth,influencer,['anneshirley'],1
kEODwPMftHA,Doctors React To Horrifying Old Medical Devices,Doctor Mike,12738464,266633,Jesus loves you 😊❤😊,@Minielly24,,0,2025-11-13T21:46:10Z,jesus loves you,doctors react to horrifying old medical devices,doctor,"['jesus', 'loves']",2
m4stVVsKVRA,Doctor and Lawyer React To Grey’s Anatomy Malpractice Episode,Doctor Mike,14905060,305666,0:15 nobody ever means to screw up.... wtf.,@PaulK-NG,,0,2025-05-20T01:24:53Z,nobody ever means to screw up wtf,doctor and lawyer react to greys anatomy malpractice episode,doctor,"['nobody', 'ever', 'means', 'screw', 'wtf']",5
ePOGpL-UlH8,TikTok Carnivores Are Getting Worse,AugustTheDuck,618275,26610,"@ nah, they drank whisky when they were young, a few smoked. but when us grandchildren came along they quit.",@SoggyBarkTree,@SoggyBarkTree,0,2025-01-25T14:11:32Z,nah they drank whisky when they were young a few smoked but when us grandchildren came along they quit,tiktok carnivores are getting worse,influencer,"['nah', 'drank', 'whisky', 'young', 'smoked', 'us', 'grandchildren', 'came', 'along', 'quit']",10
HbUo1bmEUg4,Here&#39;s Why Doctor&#39;s NEVER Drink Detox Tea,Doctor Mike,1250824,63113,Yeah like a liver transplant a kidney transplant…,@Sans_The_Skeleton,@TremaineAkeWriting,0,2024-07-18T19:25:13Z,yeah like a liver transplant a kidney transplant,heres why doctors never drink detox tea,both,"['yeah', 'liver', 'transplant', 'kidney', 'transplant']",5
jzFY1KDoaeU,Pediatricians Debunk 16 Baby Myths,Insider Science,9781487,160233,Am I the only one that thinks the pediatrician might be on meth? She looks like every methhead in WV.,@m26nautica,,1,2025-06-16T17:42:15Z,am i the only one that thinks the pediatrician might be on meth she looks like every methhead in wv,pediatricians debunk baby myths,doctor,"['thinks', 'pediatrician', 'might', 'meth', 'looks', 'every', 'methhead', 'wv']",8
I_DJ1ney6Kk,Un médecin débunke vos influenceurs préférés !,Charles.co,103059,4232,Les deux 😊,@frederique3769,@zacbasil535,0,2026-03-02T08:46:16Z,les deux,un mdecin dbunke vos influenceurs prfrs,both,"['les', 'deux']",2
JP76ekb_DxI,Uncovering Corruption From Spiritual Leaders &amp; Health Experts | Scott Carney,Doctor Mike,552785,12929,""""" Telling the truth  "" Yes. Every scammer says """" trust me, I am not a scammer """"",@narniadan,,0,2026-03-10T19:12:49Z,telling the truth yes every scammer says trust me i am not a scammer,uncovering corruption from spiritual leaders amp health experts scott carney,doctor,"['telling', 'truth', 'yes', 'every', 'scammer', 'trust', 'scammer']",7
NY4W7PY3OBY,Doctor Reacts to HILARIOUS TikToks,Doctor Mike,13628710,354175,1:50 she can rlly transition too lol,@Xantheeeeee13,,0,2023-10-03T09:31:21Z,she can rlly transition too lol,doctor reacts to hilarious tiktoks,doctor,"['rlly', 'transition', 'lol']",3
nOgg-_vav_8,"Food Theory: Liver King, The RAW Truth! (Carnivore Diet)",The Food Theorists,5965267,161185,*Dont_Read_My_Names!*  .,@GriffinZambia,@RitzyRace,1,2022-12-27T18:18:26Z,dontreadmynames,food theory liver king the raw truth carnivore diet,influencer,['dontreadmynames'],1
BD4Ep93cfpI,"TREAT YOUR BODY LIKE A TEMPLE: Tips on eating healthy, workout routine, &amp; purity as a Christian girl",Ashley Hetherington,161215,9361,"I love this! I needed it, honestly. p.s I do find the clicking of the mouse distracting and a little annoying, it might just be a me issue though",@lilyhawes8500,,0,2023-05-13T21:08:16Z,i love this i needed it honestly ps i do find the clicking of the mouse distracting and a little annoying it might just be a me issue though,treat your body like a temple tips on eating healthy workout routine amp purity as a christian girl,both,"['love', 'needed', 'honestly', 'ps', 'find', 'clicking', 'mouse', 'distracting', 'little', 'annoying', 'might', 'issue', 'though']",13
gj4RJHq52Bk,“Influencers” don’t understand “raw milk”,Kyle Hill,491662,36880,i remember watching because science I miss it bro,@raritee.mp333,,0,2025-08-19T04:45:29Z,i remember watching because science i miss it bro,influencers dont understand raw milk,influencer,"['remember', 'watching', 'science', 'miss', 'bro']",5
S718YtbwrzY,Doctor Blocks Me For Correcting Him,Doctor Mike,10693953,319021,W @FootDocDana to help Mike,@Drippy_guu-123,,0,2026-01-10T01:15:49Z,w footdocdana to help mike,doctor blocks me for correcting him,doctor,"['w', 'footdocdana', 'help', 'mike']",4
1l77HA1ta-k,Doctor Reacts To The Wildest TikToks,Doctor Mike,13834039,330801,Bros finna goon,@DOZI_777,@AndrewGold-ko7rj,0,2025-07-31T03:41:38Z,bros finna goon,doctor reacts to the wildest tiktoks,doctor,"['bros', 'finna', 'goon']",3
4apUOuJO90A,EVERYONE Has Quit Carnivore! Doctor Explains,Dr. Eric Westman - Adapt Your Life,499037,16706,#meatheals,@Nick-gg6tg,,0,2025-06-27T15:27:45Z,meatheals,everyone has quit carnivore doctor explains,doctor,['meatheals'],1
rmx6kXSkujo,Doctor Fact-Checks Grandma’s Medical Advice,Doctor Mike,9919018,222931,6:45 looks like trump ate a bit too much carrots,@MehmetDenizAslan,,0,2026-05-19T08:24:48Z,looks like trump ate a bit too much carrots,doctor factchecks grandmas medical advice,doctor,"['looks', 'trump', 'ate', 'bit', 'much', 'carrots']",6
aRV0dpzuJcY,Fridge Vs Influencers. Zeher Kismein Hai?,Dr Jayesh Sharma,78418,2584,Thankyou,@jainishpatel4803,,2,2025-12-14T10:44:13Z,thankyou,fridge vs influencers zeher kismein hai,both,['thankyou'],1
ePOGpL-UlH8,TikTok Carnivores Are Getting Worse,AugustTheDuck,618275,26610,No ring on that finger wonder why😂,@ChrisPelletier73,,0,2025-03-14T03:14:57Z,no ring on that finger wonder why,tiktok carnivores are getting worse,influencer,"['ring', 'finger', 'wonder']",3
ep8ZMq3GLNA,Doctor Fact-Checks TikTok Nutrition Advice,Doctor Mike,14267243,293888,0:48 I think honey is bitter,@Abby-b2g,,2,2025-08-03T22:31:10Z,i think honey is bitter,doctor factchecks tiktok nutrition advice,doctor,"['honey', 'bitter']",2
c9HAqDyXVqg,Doctor Reacts To Hilarious South Park Medical Scenes,Doctor Mike,13675497,327932,or people can scare people by telling them they need certain medications with horrible side effects example death approved by the FDA....,@mainstuff7858,,0,2025-12-20T04:39:25Z,or people can scare people by telling them they need certain medications with horrible side effects example death approved by the fda,doctor reacts to hilarious south park medical scenes,doctor,"['scare', 'telling', 'need', 'certain', 'medications', 'horrible', 'side', 'effects', 'example', 'death', 'approved', 'fda']",12
ymVkv3GFzN0,"TOP 1% WOMAN ROUTINE: How I Stay Productive, Healthy &amp; Balanced",Dr Faye Bate,2387469,52779,This essay was written by a man 😮 I can tell 😮,@princessmorebucks,@user-xd5fl3my6l,0,2026-02-04T17:12:43Z,this essay was written by a man i can tell,top woman routine how i stay productive healthy amp balanced,doctor,"['essay', 'written', 'man', 'tell']",4
gKvlB-n59og,NUTRITION TRUTHS That Wellness Influencers ❌ DON&#39;T ❌ Want You to Know,Abbey Sharp,217965,8778,Thank you for sharing your knowledge! I have definitely not boughten fruit because I was worried about the dirty dozen list.,@evilbunnyzombie,,0,2024-01-13T20:08:59Z,thank you for sharing your knowledge i have definitely not boughten fruit because i was worried about the dirty dozen list,nutrition truths that wellness influencers dont want you to know,influencer,"['thank', 'sharing', 'knowledge', 'definitely', 'boughten', 'fruit', 'worried', 'dirty', 'dozen', 'list']",10
MTDkExiOwZU,4 Carnivore Experts: The Ultimate Carnivore Diet For Women 2024,The Primal Podcast,430393,15351,"What if you don’t have a gallbladder? I’m worried about 80/20 fat without a gallbladder. 
Advice?",@perelandrianmama,,0,2024-06-28T13:02:23Z,what if you dont have a gallbladder im worried about fat without a gallbladder advice,carnivore experts the ultimate carnivore diet for women,influencer,"['dont', 'gallbladder', 'im', 'worried', 'fat', 'without', 'gallbladder', 'advice']",8
Gf50BB8rQLE,First Aid Hacks That Should Be Illegal,Doctor Mike,13688395,290446,"Never actually watched a Troom troom video
Now I wish I didn’t",@DeathBull_7,,0,2026-02-18T12:47:03Z,never actually watched a troom troom video now i wish i didnt,first aid hacks that should be illegal,doctor,"['never', 'watched', 'troom', 'troom', 'wish', 'didnt']",6
nOgg-_vav_8,"Food Theory: Liver King, The RAW Truth! (Carnivore Diet)",The Food Theorists,5965267,161185,it quite literally is cut from a fish and thrown onto rice? do u know how sushi is prepared,@baoef284,@CristianSanchez-zs1hz,1,2025-07-06T20:55:15Z,it quite literally is cut from a fish and thrown onto rice do u know how sushi is prepared,food theory liver king the raw truth carnivore diet,influencer,"['quite', 'literally', 'cut', 'fish', 'thrown', 'onto', 'rice', 'u', 'sushi', 'prepared']",10
JslBDMGC9Xw,Real Doctor Reacts to DOC MCSTUFFINS,Doctor Mike,12973459,389433,i had her toy kit i loved playing doctor XDD,@KaydenBonthuys-wh5yj,,0,2026-01-14T12:21:35Z,i had her toy kit i loved playing doctor xdd,real doctor reacts to doc mcstuffins,doctor,"['toy', 'kit', 'loved', 'playing', 'xdd']",5
MIYMUfv3TK0,Fact-Checking MrWhoseTheBoss Health Hacks,Doctor Mike,4837931,150762,Luckily I can tell when I am dehydrated because my lips tend to chap,@trixxart777,,0,2025-04-28T23:17:58Z,luckily i can tell when i am dehydrated because my lips tend to chap,factchecking mrwhosetheboss health hacks,doctor,"['luckily', 'tell', 'dehydrated', 'lips', 'tend', 'chap']",6
zBC68iQjH-k,Doctor Reacts To Cringey Dhar Mann Videos,Doctor Mike,16271610,319001,"3:34 this is me recently, I forced myself not to take sick days so I didn't miss anything important even though my stomach was so in pain that I constantly felt on the verge of throwing up(still don't know what's wrong yet but I'm on temporary meds that are managing the symptoms)",@anastasiapurl2223,,0,2026-04-03T00:18:59Z,this is me recently i forced myself not to take sick days so i didnt miss anything important even though my stomach was so in pain that i constantly felt on the verge of throwing upstill dont know whats wrong yet but im on temporary meds that are managing the symptoms,doctor reacts to cringey dhar mann videos,doctor,"['recently', 'forced', 'take', 'sick', 'days', 'didnt', 'miss', 'anything', 'important', 'though', 'stomach', 'pain', 'constantly', 'felt', 'verge', 'throwing', 'upstill', 'dont', 'whats', 'wrong', 'yet', 'im', 'temporary', 'meds', 'managing', 'symptoms']",26
a956CdkbnDk,Are Doctor Influencers POISONING Medicine? | Neurosurgeon vs Doctor Dropout,"Kevin Jubbal, M.D.",106982,3282,"Ahh...the old MCG ego hard at work...  
ps.  Im not the first to comment on this.  MCG produces some of the most arrogant people you have ever met.  I dont get why either,,, Believe me, as some whos trained in Chicago, New York, California...Believe me, you are not exceptional.",@scottallen3907,,0,2022-08-27T23:27:01Z,ahhthe old mcg ego hard at work ps im not the first to comment on this mcg produces some of the most arrogant people you have ever met i dont get why either believe me as some whos trained in chicago new york californiabelieve me you are not exceptional,are doctor influencers poisoning medicine neurosurgeon vs doctor dropout,doctor,"['ahhthe', 'old', 'mcg', 'ego', 'hard', 'work', 'ps', 'im', 'first', 'mcg', 'produces', 'arrogant', 'ever', 'met', 'dont', 'either', 'believe', 'whos', 'trained', 'chicago', 'new', 'york', 'californiabelieve', 'exceptional']",24
gj4RJHq52Bk,“Influencers” don’t understand “raw milk”,Kyle Hill,491662,36880,raw milk just taste better. cry about it.,@asdgasdgsadss2222,,1,2026-05-01T08:13:13Z,raw milk just taste better cry about it,influencers dont understand raw milk,influencer,"['raw', 'milk', 'taste', 'better', 'cry']",5
IVGQLxCjudM,Gallbladder Flush - The true science behind the myth,Doctor Klaper,239163,5622,"I would recommend reading, The Amazing Liver and Gallbladder flush by Andreas Moritz. It’s a great place to learn about the protocol and a step by step how to.",@posivibe989,@posivibe989,0,2025-05-09T13:07:50Z,i would recommend reading the amazing liver and gallbladder flush by andreas moritz its a great place to learn about the protocol and a step by step how to,gallbladder flush the true science behind the myth,doctor,"['recommend', 'reading', 'amazing', 'liver', 'gallbladder', 'flush', 'andreas', 'moritz', 'great', 'place', 'learn', 'protocol', 'step', 'step']",14
Gf50BB8rQLE,First Aid Hacks That Should Be Illegal,Doctor Mike,13688395,290446,Source:just to trust me bro😂😂😂,@JordanHarilal,,0,2025-12-12T20:26:25Z,sourcejust to trust me bro,first aid hacks that should be illegal,doctor,"['sourcejust', 'trust', 'bro']",3
kbInpn6QWNw,‘SkinnyTok’ Influencers Have Taken Over Health and Wellness Culture—and It’s More TOXIC Than Ever,Susannah Friesen,189711,6372,That first video was actually pretty solid advice though.,@abrielle13,,0,2025-09-07T02:38:31Z,that first video was actually pretty solid advice though,skinnytok influencers have taken over health and wellness cultureand its more toxic than ever,influencer,"['first', 'pretty', 'solid', 'advice', 'though']",5
7UHD0aTFNkA,TikTok Carnivores Are Insane,AugustTheDuck,2031913,58993,@loverofpasta I was carnivore for almost two years. I felt fantastic. I went off of it and gained my weight back. I’m exhausted all the time. I need to get back on the wagon.,@6GenNativeTexan,@6GenNativeTexan,0,2026-03-11T23:40:54Z,loverofpasta i was carnivore for almost two years i felt fantastic i went off of it and gained my weight back im exhausted all the time i need to get back on the wagon,tiktok carnivores are insane,influencer,"['loverofpasta', 'carnivore', 'almost', 'two', 'years', 'felt', 'fantastic', 'went', 'gained', 'weight', 'back', 'im', 'exhausted', 'time', 'need', 'back', 'wagon']",17
Sxzj0skUDg8,Doctor Reacts To DRAMATIC Lifeguard Rescues,Doctor Mike,30044375,362874,This is what I call bad,@Blockfloat,,0,2026-01-14T19:49:31Z,this is what i call bad,doctor reacts to dramatic lifeguard rescues,doctor,"['call', 'bad']",2
5LLl4neKRgk,Doctor Reacts To Rough Soccer Injuries,Doctor Mike,10880256,151475,Roberto firmino,@Misstind1e,@ExampleChannel-i2d,0,2026-02-18T23:10:59Z,roberto firmino,doctor reacts to rough soccer injuries,doctor,"['roberto', 'firmino']",2
HbUo1bmEUg4,Here&#39;s Why Doctor&#39;s NEVER Drink Detox Tea,Doctor Mike,1250824,63113,"I use Ephedra/Ephedrine daily. Helps me get a lot of work done, no need for ADD pills, my blood pressure, weight, blood tests look great.  Dr says take ADD pills that are 5 to 10 times stronger and last too long.  A lot of hose teas at one point had Ephedra or Blackbrush in them.  People can think for themselves and do their own research.  Your mental and physical health are linked.  We can't deny that so why focus on the rare bad?  How do you know that simply thinking that it could be bad is not doing damage?  The placebo is a powerful drug.",@stephanl6279,,0,2023-07-03T00:02:28Z,i use ephedraephedrine daily helps me get a lot of work done no need for add pills my blood pressure weight blood tests look great dr says take add pills that are to times stronger and last too long a lot of hose teas at one point had ephedra or blackbrush in them people can think for themselves and do their own research your mental and physical health are linked we cant deny that so why focus on the rare bad how do you know that simply thinking that it could be bad is not doing damage the placebo is a powerful drug,heres why doctors never drink detox tea,both,"['use', 'ephedraephedrine', 'daily', 'helps', 'lot', 'work', 'done', 'need', 'add', 'pills', 'blood', 'pressure', 'weight', 'blood', 'tests', 'look', 'great', 'dr', 'take', 'add', 'pills', 'times', 'stronger', 'last', 'long', 'lot', 'hose', 'teas', 'point', 'ephedra', 'blackbrush', 'research', 'mental', 'physical', 'health', 'linked', 'cant', 'deny', 'focus', 'rare', 'bad', 'simply', 'thinking', 'bad', 'damage', 'placebo', 'powerful', 'drug']",48
yjUuxe7vj0E,I’ve Only Been Eating Meat For The Past 8 Years | @drjoshaxe,Mikhaila Peterson,826964,27650,Nope i try to add organic plain veg and get sick.,@jenergy1000,@maddien2135,0,2025-07-01T06:58:05Z,nope i try to add organic plain veg and get sick,ive only been eating meat for the past years drjoshaxe,both,"['nope', 'try', 'add', 'organic', 'plain', 'veg', 'sick']",7
BLK6dV76XTQ,TikToks Your Doctor Warned You About,Doctor Mike,16410206,230437,"Multi-chain triglycerides (MCTs) help the body to go into ketosis (also called autophagy), which is the ""super-healing"" mode of the body. This allows the body to heal from autoimmune disorders and diseases that affect the brain. My grandma has Parkinson's, and she showed significant improvement from eating a ketogenic diet and taking MCTs. Don't knock natural health hacks until you understand the science behind them.",@FantomSmashkarts,,0,2026-05-17T01:29:40Z,multichain triglycerides mcts help the body to go into ketosis also called autophagy which is the superhealing mode of the body this allows the body to heal from autoimmune disorders and diseases that affect the brain my grandma has parkinsons and she showed significant improvement from eating a ketogenic diet and taking mcts dont knock natural health hacks until you understand the science behind them,tiktoks your doctor warned you about,both,"['multichain', 'triglycerides', 'mcts', 'help', 'body', 'go', 'ketosis', 'called', 'autophagy', 'superhealing', 'mode', 'body', 'allows', 'body', 'heal', 'autoimmune', 'disorders', 'diseases', 'affect', 'brain', 'grandma', 'parkinsons', 'showed', 'significant', 'improvement', 'eating', 'ketogenic', 'diet', 'taking', 'mcts', 'dont', 'knock', 'natural', 'health', 'hacks', 'understand', 'science', 'behind']",38
-s3rXAcna3o,Nitesh Soni Exposed | Reality of Fitness Influencers | Dt.Bhawesh | #diettubeindia #roast #shorts,DietTube India,2209968,106426,Abee oo bhn k land km se km vo kuch shi to btata h bhn k lode chal tu shi h tu jyada janta h to twri body kha h bhn k lode chutiye 🖕,@KamaldeepSingh-ky8bi,,1,2026-03-14T09:09:35Z,abee oo bhn k land km se km vo kuch shi to btata h bhn k lode chal tu shi h tu jyada janta h to twri body kha h bhn k lode chutiye,nitesh soni exposed reality of fitness influencers dtbhawesh diettubeindia roast shorts,influencer,"['abee', 'oo', 'bhn', 'k', 'land', 'km', 'se', 'km', 'vo', 'kuch', 'shi', 'btata', 'h', 'bhn', 'k', 'lode', 'chal', 'tu', 'shi', 'h', 'tu', 'jyada', 'janta', 'h', 'twri', 'body', 'kha', 'h', 'bhn', 'k', 'lode', 'chutiye']",32
I_DJ1ney6Kk,Un médecin débunke vos influenceurs préférés !,Charles.co,103059,4232,​@nomercy329oui bien sur,@jimmynjebayi1437,@felipesoreta8533,0,2026-03-03T19:07:40Z,nomercyoui bien sur,un mdecin dbunke vos influenceurs prfrs,both,"['nomercyoui', 'bien', 'sur']",3
kEODwPMftHA,Doctors React To Horrifying Old Medical Devices,Doctor Mike,12738464,266633,"6:25 omg—you THINK these are iron lungs???  Jeez Louise…  I’m a liberal arts undergrad. Master’s in psychology—parents met in medical school in 1960. I’ve seriously begun to question education after the 1980’s. Yeah, do I need to say IN THE LAST CENTURY??? It seems like maybe I need to… maybe it was just the fact that my mother REALLY be,ie Ed in constantly educating us. I reckon not all people have parents who reallllllly care about that.",@sarahferrell5458,@sarahferrell5458,0,2026-01-30T23:20:52Z,omgyou think these are iron lungs jeez louise im a liberal arts undergrad masters in psychologyparents met in medical school in ive seriously begun to question education after the s yeah do i need to say in the last century it seems like maybe i need to maybe it was just the fact that my mother really beie ed in constantly educating us i reckon not all people have parents who reallllllly care about that,doctors react to horrifying old medical devices,doctor,"['omgyou', 'iron', 'lungs', 'jeez', 'louise', 'im', 'liberal', 'arts', 'undergrad', 'masters', 'psychologyparents', 'met', 'medical', 'school', 'ive', 'seriously', 'begun', 'question', 'education', 'yeah', 'need', 'last', 'century', 'seems', 'maybe', 'need', 'maybe', 'fact', 'mother', 'beie', 'ed', 'constantly', 'educating', 'us', 'reckon', 'parents', 'reallllllly', 'care']",38
DhlRgwdDc-E,Debunking the myths of OCD - Natascha M. Santos,TED-Ed,12376188,210988,"Idk but I have to do what my brain want me to do, I feel so uncomfortable if I didn't do that",@Shinra08,@Alexmaboi,0,2025-07-30T17:55:54Z,idk but i have to do what my brain want me to do i feel so uncomfortable if i didnt do that,debunking the myths of ocd natascha m santos,doctor,"['idk', 'brain', 'want', 'feel', 'uncomfortable', 'didnt']",6
X4idviwvvFY,The Rise of India&#39;s Fitness Influencer Revolution,Muscle Adventure,102644,4713,Mujhe bhi😊,@eternalsIQ9850,@UttamFitVlogs,0,2025-07-07T19:27:14Z,mujhe bhi,the rise of indias fitness influencer revolution,influencer,"['mujhe', 'bhi']",2
z88sps6FI88,Doctor Reacts To Scary TikTok Health Advice,Doctor Mike,8902487,212265,It's funny that how stupid a person is does show on their faces.,@BN99239,,0,2026-05-12T20:15:13Z,its funny that how stupid a person is does show on their faces,doctor reacts to scary tiktok health advice,doctor,"['funny', 'stupid', 'person', 'show', 'faces']",5
c9HAqDyXVqg,Doctor Reacts To Hilarious South Park Medical Scenes,Doctor Mike,13675497,327932,@AngeliqueStP Can't pray with what you never had.,@futur3ndings651,@IllC2Ill,0,2026-01-20T08:33:23Z,angeliquestp cant pray with what you never had,doctor reacts to hilarious south park medical scenes,doctor,"['angeliquestp', 'cant', 'pray', 'never']",4
jzFY1KDoaeU,Pediatricians Debunk 16 Baby Myths,Insider Science,9781487,160233,"See a child psychologist, they can have interesting insights",@kims2r,@jamakathegreat1110,0,2025-10-07T12:38:59Z,see a child psychologist they can have interesting insights,pediatricians debunk baby myths,doctor,"['see', 'child', 'psychologist', 'interesting', 'insights']",5
WPIZdNqRVY4,I tried the Carnivore Diet for a week...,Will Tennyson,3073416,83599,Pork rinds are perfect snacks.,@lovebyrdsseasonings,,1,2025-11-21T03:16:58Z,pork rinds are perfect snacks,i tried the carnivore diet for a week,influencer,"['pork', 'rinds', 'perfect', 'snacks']",4
2DVcs9kP97s,Scientist debunks: The worst skincare misinformation on TikTok,Lab Muffin Beauty Science,542411,26370,"I had the same friggin thought! His mouth is moving weird as is he, and is skin looks artificially smooth to me.",@CinnaBanBanRoll,@ClevverUsername,0,2026-02-17T04:10:33Z,i had the same friggin thought his mouth is moving weird as is he and is skin looks artificially smooth to me,scientist debunks the worst skincare misinformation on tiktok,doctor,"['friggin', 'thought', 'mouth', 'moving', 'weird', 'skin', 'looks', 'artificially', 'smooth']",9
DpFPqM-oRIM,Carnivore Diet - I AM STOPPING (202 Days In)- My Last Meal,HomeSteadHow,678698,16077,Raw meat is the natural human diet,@Luke-v8e1s,,0,2025-10-08T06:35:07Z,raw meat is the natural human diet,carnivore diet i am stopping days in my last meal,influencer,"['raw', 'meat', 'natural', 'human', 'diet']",5
J06pEhqOmx0,Doctor reacts to super satisfying pimple pops! #dermreacts #doctorreacts #pimplepop #cystpop,208SkinDoc,13527239,23935,Original video link?,@jelisaferr,,0,2026-02-07T06:39:44Z,original video link,doctor reacts to super satisfying pimple pops dermreacts doctorreacts pimplepop cystpop,doctor,"['original', 'link']",2
IxwcmuNrn1c,Dying Teen Listened to a Wellness Influencer Over Science | Law &amp; Order | NBC,Law & Order,80127,1257,Mom didn't know she was lying. Only the prosecutors and the ME seem to know it.,@emzkinz,@JMC-125,2,2026-03-09T00:07:49Z,mom didnt know she was lying only the prosecutors and the me seem to know it,dying teen listened to a wellness influencer over science law amp order nbc,influencer,"['mom', 'didnt', 'lying', 'prosecutors', 'seem']",5
ePOGpL-UlH8,TikTok Carnivores Are Getting Worse,AugustTheDuck,618275,26610,Actually with this much protein and almost no carbs she might avoid diabetes and get kidney failure instead,@0106johnny,@Microwave_guy,0,2024-11-19T13:43:54Z,actually with this much protein and almost no carbs she might avoid diabetes and get kidney failure instead,tiktok carnivores are getting worse,influencer,"['much', 'protein', 'almost', 'carbs', 'might', 'avoid', 'diabetes', 'kidney', 'failure', 'instead']",10
IxwcmuNrn1c,Dying Teen Listened to a Wellness Influencer Over Science | Law &amp; Order | NBC,Law & Order,80127,1257,I struggle to see him as anything other than Prince Char in Ella Enchanted. XD,@wickedmouthful,@ashleymarks3726,2,2026-03-09T16:14:45Z,i struggle to see him as anything other than prince char in ella enchanted xd,dying teen listened to a wellness influencer over science law amp order nbc,influencer,"['struggle', 'see', 'anything', 'prince', 'char', 'ella', 'enchanted', 'xd']",8
kFSflqB-Fzs,Dr. Berg Goes Carnivore for 2 Weeks,Dr. Eric Berg DC,1635884,47841,"Thanks for the positive feedback, however 2 weeks carnivore isn’t even long enough for your body to acclimate.",@edbaker8611,,0,2025-08-27T22:18:48Z,thanks for the positive feedback however weeks carnivore isnt even long enough for your body to acclimate,dr berg goes carnivore for weeks,both,"['thanks', 'positive', 'feedback', 'however', 'weeks', 'carnivore', 'isnt', 'long', 'enough', 'body', 'acclimate']",11
q8FuCE2kWHo,Dieta Carnívora: A Verdade Científica que os Influencers Escondem,Endócrino e talks com Dr. Carlos Seraphim,37399,4157,"comendo pouca carne? Dependendo do que definirmos como ""carne"", a maioria das pessoas come muita carne, na forma de ultraprocessados. E aí, senhor inteligência, você esqueceu de considerar esse fator de mudança na dieta da população? Controle de variável é difícil, né? Mas assistir videozinho no celular é fácil, fácil...",@mephistomadeadeal,@CharlesBorba-j4b,0,2026-05-03T20:39:36Z,comendo pouca carne dependendo do que definirmos como carne a maioria das pessoas come muita carne na forma de ultraprocessados e a senhor inteligncia voc esqueceu de considerar esse fator de mudana na dieta da populao controle de varivel difcil n mas assistir videozinho no celular fcil fcil,dieta carnvora a verdade cientfica que os influencers escondem,both,"['comendo', 'pouca', 'carne', 'dependendo', 'que', 'definirmos', 'como', 'carne', 'maioria', 'das', 'pessoas', 'come', 'muita', 'carne', 'na', 'forma', 'de', 'ultraprocessados', 'e', 'senhor', 'inteligncia', 'voc', 'esqueceu', 'de', 'considerar', 'esse', 'fator', 'de', 'mudana', 'na', 'dieta', 'da', 'populao', 'controle', 'de', 'varivel', 'difcil', 'n', 'mas', 'assistir', 'videozinho', 'celular', 'fcil', 'fcil']",44
Fu3dOT9aP3E,Doctor Reacts To Cartoon Network Medical Scenes,Doctor Mike,10872484,184793,"""EKG Wana be!"" had me bawling 😆",@Jesusisthewaytruthandlight4eva,,0,2025-12-10T01:39:04Z,ekg wana be had me bawling,doctor reacts to cartoon network medical scenes,doctor,"['ekg', 'wana', 'bawling']",3
BLK6dV76XTQ,TikToks Your Doctor Warned You About,Doctor Mike,16410206,230437,The only thing eating an orange in the shower is gonna do is make you feel like an amazon parrot eating after being exiled in a heavy rainstorm,@mikec1159,,0,2026-01-01T04:58:43Z,the only thing eating an orange in the shower is gonna do is make you feel like an amazon parrot eating after being exiled in a heavy rainstorm,tiktoks your doctor warned you about,both,"['thing', 'eating', 'orange', 'shower', 'gonna', 'make', 'feel', 'amazon', 'parrot', 'eating', 'exiled', 'heavy', 'rainstorm']",13
JslBDMGC9Xw,Real Doctor Reacts to DOC MCSTUFFINS,Doctor Mike,12973459,389433,Can you do Batman animated series those a a lot medical issues in the show and I’m curious what are they?,@sophiepaige_09,,0,2026-01-06T01:59:06Z,can you do batman animated series those a a lot medical issues in the show and im curious what are they,real doctor reacts to doc mcstuffins,doctor,"['batman', 'animated', 'series', 'lot', 'medical', 'issues', 'show', 'im', 'curious']",9
FPy4ABZ804c,Ridiculously Absurd 5-Minute Crafts “Health Hacks”,Doctor Mike,21798210,305706,I’m more concerned about the hairline yeah that’s why my mom told me to never believe if I see you online,@fatmaalsalahat1431,,0,2026-05-16T00:40:38Z,im more concerned about the hairline yeah thats why my mom told me to never believe if i see you online,ridiculously absurd minute crafts health hacks,doctor,"['im', 'concerned', 'hairline', 'yeah', 'thats', 'mom', 'told', 'never', 'believe', 'see', 'online']",11
IVGQLxCjudM,Gallbladder Flush - The true science behind the myth,Doctor Klaper,239163,5622,Can you explain your comment? Thanks,@Gotallofthem1,@ruebenshaw,5,2024-09-24T02:19:29Z,can you explain your comment thanks,gallbladder flush the true science behind the myth,doctor,"['explain', 'thanks']",2
aRV0dpzuJcY,Fridge Vs Influencers. Zeher Kismein Hai?,Dr Jayesh Sharma,78418,2584,Watch the video about oils.,@drjayeshsharma,@soniyasharma-rv7el,0,2025-12-04T15:47:13Z,watch the video about oils,fridge vs influencers zeher kismein hai,both,['oils'],1
IVGQLxCjudM,Gallbladder Flush - The true science behind the myth,Doctor Klaper,239163,5622,"I did 1 liver flush & I already feel so great, I passed 100’s of stones. I’m hoping in the next flushes I will feel even better!",@lifewithprianca6530,,6,2025-05-18T18:39:59Z,i did liver flush i already feel so great i passed s of stones im hoping in the next flushes i will feel even better,gallbladder flush the true science behind the myth,doctor,"['liver', 'flush', 'already', 'feel', 'great', 'passed', 'stones', 'im', 'hoping', 'next', 'flushes', 'feel', 'better']",13
nOgg-_vav_8,"Food Theory: Liver King, The RAW Truth! (Carnivore Diet)",The Food Theorists,5965267,161185,"Your time stamp is 1234, also idk why he did that",@RoomtemperatureIQ-z5v,@Danimal843,0,2025-08-22T23:36:34Z,your time stamp is also idk why he did that,food theory liver king the raw truth carnivore diet,influencer,"['time', 'stamp', 'idk']",3
eGPLf4TZv0g,Doctor Reacts To Bizarre Health &quot;Hack&quot; Videos,Doctor Mike,12940800,299646,"7:18 for more easier option, just apply soap water",@P4GGIE,,0,2025-06-15T13:08:05Z,for more easier option just apply soap water,doctor reacts to bizarre health quothackquot videos,doctor,"['easier', 'option', 'apply', 'soap', 'water']",5
14vwvBvnWKo,"INSANE Wellness Influencers.. *Raw Diet, &quot;Demonic Food&quot;, &amp; Toxic Diets",Isabella Lanter,120706,4847,thanks for confirming that Diary of a CEO is in fact a trash podcast with a grifty host 😂,@alexsoontiens-olsen841,,0,2026-01-21T02:44:37Z,thanks for confirming that diary of a ceo is in fact a trash podcast with a grifty host,insane wellness influencers raw diet quotdemonic foodquot amp toxic diets,influencer,"['thanks', 'confirming', 'diary', 'ceo', 'fact', 'trash', 'podcast', 'grifty', 'host']",9
RWAKbg_CF_E,How “Health Gurus” Trick You ft Gary Brecka,Doctor Mike,1349877,50563,"Imagine gaining followers by explaining why OTHER people are wrong, someone is out there with another video explaining why you are wrong hahaha. You’re all snake oil salesmen, but you profit by giving no beneficial facts to anyone. Your profit is based off the snake oil salesman u talk about?!?! If it wasent for them, you wouldn’t even have a channel. So the question is, who is worse?",@NikSal-n4r,,0,2025-05-09T22:53:02Z,imagine gaining followers by explaining why other people are wrong someone is out there with another video explaining why you are wrong hahaha youre all snake oil salesmen but you profit by giving no beneficial facts to anyone your profit is based off the snake oil salesman u talk about if it wasent for them you wouldnt even have a channel so the question is who is worse,how health gurus trick you ft gary brecka,both,"['imagine', 'gaining', 'followers', 'explaining', 'wrong', 'someone', 'another', 'explaining', 'wrong', 'hahaha', 'youre', 'snake', 'oil', 'salesmen', 'profit', 'giving', 'beneficial', 'facts', 'anyone', 'profit', 'based', 'snake', 'oil', 'salesman', 'u', 'talk', 'wasent', 'wouldnt', 'question', 'worse']",30
a956CdkbnDk,Are Doctor Influencers POISONING Medicine? | Neurosurgeon vs Doctor Dropout,"Kevin Jubbal, M.D.",106982,3282,"I’m a junior doctor and a Mom I just envy these people who are able to do all of these and still have a thriving YouTube Chanel 😢😢😢
I need thier tips on productivity and work life balance cos….",@kole1ful,,3,2022-07-14T08:54:56Z,im a junior doctor and a mom i just envy these people who are able to do all of these and still have a thriving youtube chanel i need thier tips on productivity and work life balance cos,are doctor influencers poisoning medicine neurosurgeon vs doctor dropout,doctor,"['im', 'junior', 'mom', 'envy', 'able', 'thriving', 'chanel', 'need', 'thier', 'tips', 'productivity', 'work', 'life', 'balance', 'cos']",15
MWOgIecCPps,The Truth About Lemon Water 😲,Doctor Mike,3131184,140281,Ur full of hate man . What happened ?,@eduardorivera5465,,0,2026-02-25T13:38:00Z,ur full of hate man what happened,the truth about lemon water,doctor,"['ur', 'full', 'hate', 'man', 'happened']",5
5LLl4neKRgk,Doctor Reacts To Rough Soccer Injuries,Doctor Mike,10880256,151475,"3:39 - Sorry, but you're wrong. Footballers use plastic cleats. They have to. In fact, if you watch a substitution during a football match, you might notice the fourth official checking the bottoms of the oncoming players' boots, to ensure they're wearing legal plastic cleats.",@Revelian1982,,0,2026-01-11T17:03:04Z,sorry but youre wrong footballers use plastic cleats they have to in fact if you watch a substitution during a football match you might notice the fourth official checking the bottoms of the oncoming players boots to ensure theyre wearing legal plastic cleats,doctor reacts to rough soccer injuries,doctor,"['sorry', 'youre', 'wrong', 'footballers', 'use', 'plastic', 'cleats', 'fact', 'substitution', 'football', 'match', 'might', 'notice', 'fourth', 'official', 'checking', 'bottoms', 'oncoming', 'players', 'boots', 'ensure', 'theyre', 'wearing', 'legal', 'plastic', 'cleats']",26
VP4x4p-ON9Y,Doctor Reacts To Family Guy Medical Scenes,Doctor Mike,14662374,327954,1:50 what was the doctor doing?😂,@jjtx4514,,29,2025-06-06T13:06:29Z,what was the doctor doing,doctor reacts to family guy medical scenes,doctor,[],0
J91XCItqJbI,Doctor Reacts To Painful Medical Memes,Doctor Mike,14585739,321589,Doc why is my eye itchy?,@Darkmatter_Fire64,,1,2025-08-25T13:07:34Z,doc why is my eye itchy,doctor reacts to painful medical memes,doctor,"['doc', 'eye', 'itchy']",3
Eb4-MOubIyM,Gynecologist Debunks Viral Birth Control LIES,Mama Doctor Jones,596173,27513,There isn't an inconsistency with being anti-abortion and auntie birth control. They clearly want people to have the children. They are pro-life (not My views just saying),@ClarenceJordan-c8o,,1,2024-10-01T09:04:31Z,there isnt an inconsistency with being antiabortion and auntie birth control they clearly want people to have the children they are prolife not my views just saying,gynecologist debunks viral birth control lies,doctor,"['isnt', 'inconsistency', 'antiabortion', 'auntie', 'birth', 'control', 'clearly', 'want', 'children', 'prolife', 'views', 'saying']",12
IVGQLxCjudM,Gallbladder Flush - The true science behind the myth,Doctor Klaper,239163,5622,How did you do the flush? What was the quantity?,@lifewithprianca6530,@2nearmenot2hearme,3,2025-03-10T10:22:58Z,how did you do the flush what was the quantity,gallbladder flush the true science behind the myth,doctor,"['flush', 'quantity']",2
4apUOuJO90A,EVERYONE Has Quit Carnivore! Doctor Explains,Dr. Eric Westman - Adapt Your Life,499037,16706,It kinda sounds like to me he's saying we're too stupid to understand.😂,@janicemorris1585,,0,2026-03-16T20:52:31Z,it kinda sounds like to me hes saying were too stupid to understand,everyone has quit carnivore doctor explains,doctor,"['kinda', 'sounds', 'hes', 'saying', 'stupid', 'understand']",6
_Alg1tjXiIs,Unhinged Wellness Influencers.. Insane Health advice!,Isabella Lanter,193321,7684,"The lady talking about not eating veggies because of chemicals, but putting them on her body has to be satire.",@ninjacatknits,,0,2025-06-03T22:16:21Z,the lady talking about not eating veggies because of chemicals but putting them on her body has to be satire,unhinged wellness influencers insane health advice,influencer,"['lady', 'talking', 'eating', 'veggies', 'chemicals', 'putting', 'body', 'satire']",8
a956CdkbnDk,Are Doctor Influencers POISONING Medicine? | Neurosurgeon vs Doctor Dropout,"Kevin Jubbal, M.D.",106982,3282,"Dr Martin. The medical field is one the shittiest it has been. We need these people like Kevin Jubbal ( ex plastic surgery resident ) which clearly shows that he is capable of acquiring whatever credentials he wants to have, yet decided to pave a different new challenging path .
Yes we need real state and life advice from these people , because we are not taught financial basics in med school.
They give us so much more than for you to discredit what they do. Ali , Kevin , Rachel , Cellini , Goodman. Some are still in the medical field , some are not , but I really believe that they provide content that many of you “ board certified physicians “ don’t seem to be able to provide.",@khaledqadourah1948,,2,2022-06-18T17:36:26Z,dr martin the medical field is one the shittiest it has been we need these people like kevin jubbal ex plastic surgery resident which clearly shows that he is capable of acquiring whatever credentials he wants to have yet decided to pave a different new challenging path yes we need real state and life advice from these people because we are not taught financial basics in med school they give us so much more than for you to discredit what they do ali kevin rachel cellini goodman some are still in the medical field some are not but i really believe that they provide content that many of you board certified physicians dont seem to be able to provide,are doctor influencers poisoning medicine neurosurgeon vs doctor dropout,doctor,"['dr', 'martin', 'medical', 'field', 'shittiest', 'need', 'kevin', 'jubbal', 'ex', 'plastic', 'surgery', 'resident', 'clearly', 'shows', 'capable', 'acquiring', 'whatever', 'credentials', 'wants', 'yet', 'decided', 'pave', 'different', 'new', 'challenging', 'path', 'yes', 'need', 'real', 'state', 'life', 'advice', 'taught', 'financial', 'basics', 'med', 'school', 'give', 'us', 'much', 'discredit', 'ali', 'kevin', 'rachel', 'cellini', 'goodman', 'medical', 'field', 'believe', 'provide', 'content', 'many', 'board', 'certified', 'physicians', 'dont', 'seem', 'able', 'provide']",59
kbInpn6QWNw,‘SkinnyTok’ Influencers Have Taken Over Health and Wellness Culture—and It’s More TOXIC Than Ever,Susannah Friesen,189711,6372,lololol I did notice the same contradiction,@choichoigang,@rawentn7016,13,2026-03-11T17:44:50Z,lololol i did notice the same contradiction,skinnytok influencers have taken over health and wellness cultureand its more toxic than ever,influencer,"['lololol', 'notice', 'contradiction']",3
FPy4ABZ804c,Ridiculously Absurd 5-Minute Crafts “Health Hacks”,Doctor Mike,21798210,305706,We have these swings a lot in Switzerland 😊,@Roxinchen,,0,2026-05-11T22:19:09Z,we have these swings a lot in switzerland,ridiculously absurd minute crafts health hacks,doctor,"['swings', 'lot', 'switzerland']",3
5HYlXUbnAJY,Doctor Reacts to The Most Dangerous MrBeast Stunts,Doctor Mike,16516750,389961,"Around the three minute mark when I was 12 months old, I busted my eardrum/it basically got destroyed. None of it was left.) and not that long ago I got surgery to replace my eardrum.",@CharlieRek-d1y,,0,2025-01-14T09:50:16Z,around the three minute mark when i was months old i busted my eardrumit basically got destroyed none of it was left and not that long ago i got surgery to replace my eardrum,doctor reacts to the most dangerous mrbeast stunts,doctor,"['around', 'three', 'minute', 'mark', 'months', 'old', 'busted', 'eardrumit', 'basically', 'destroyed', 'none', 'left', 'long', 'ago', 'surgery', 'replace', 'eardrum']",17
_dQRK-q8u98,Has This Famous Carnivore Influencer Been Lying? - Doctor Reacts,Dr. Eric Westman - Adapt Your Life,417035,17844,"When first I listened to you, it was about salt.  In diet terms you included daily vegetables in large amounts.  Now you've adjusted to a more carnivore way, so I know that you will adjust to a more fat way.  Dr. Brite is of the opinion that butter is the way as per SBG.  I consume butter by the square and will continue to add butter and any other kind of fat to my diet.  Hanging onto the fat-scare is not helpful.  Fat doesn't convert to fat and women need more fat than do men.  Clearly, more research into the issue needs to happen BEFORE opinions are expressed to the contrary.  
Also, there is a proctologist on YT that supports the notion the fiber bulks up the stool and is completely unnecessary for health, in fact, may be detrimental.",@RiteOn,,1,2026-04-25T17:14:54Z,when first i listened to you it was about salt in diet terms you included daily vegetables in large amounts now youve adjusted to a more carnivore way so i know that you will adjust to a more fat way dr brite is of the opinion that butter is the way as per sbg i consume butter by the square and will continue to add butter and any other kind of fat to my diet hanging onto the fatscare is not helpful fat doesnt convert to fat and women need more fat than do men clearly more research into the issue needs to happen before opinions are expressed to the contrary also there is a proctologist on yt that supports the notion the fiber bulks up the stool and is completely unnecessary for health in fact may be detrimental,has this famous carnivore influencer been lying doctor reacts,doctor,"['first', 'listened', 'salt', 'diet', 'terms', 'included', 'daily', 'vegetables', 'large', 'amounts', 'youve', 'adjusted', 'carnivore', 'way', 'adjust', 'fat', 'way', 'dr', 'brite', 'opinion', 'butter', 'way', 'per', 'sbg', 'consume', 'butter', 'square', 'continue', 'add', 'butter', 'kind', 'fat', 'diet', 'hanging', 'onto', 'fatscare', 'helpful', 'fat', 'doesnt', 'convert', 'fat', 'women', 'need', 'fat', 'men', 'clearly', 'research', 'issue', 'needs', 'happen', 'opinions', 'expressed', 'contrary', 'proctologist', 'yt', 'supports', 'notion', 'fiber', 'bulks', 'stool', 'completely', 'unnecessary', 'health', 'fact', 'may', 'detrimental']",66
jzFY1KDoaeU,Pediatricians Debunk 16 Baby Myths,Insider Science,9781487,160233,"Her job is interacting with babies, it’s an occupational deformity",@kims2r,@9Joel9,1,2025-10-07T12:44:04Z,her job is interacting with babies its an occupational deformity,pediatricians debunk baby myths,doctor,"['job', 'interacting', 'babies', 'occupational', 'deformity']",5
NY4W7PY3OBY,Doctor Reacts to HILARIOUS TikToks,Doctor Mike,13628710,354175,"Dr, Mike..
are you implying that consultion is bascally speeddating--=)(?",@Cassiel75,,0,2024-05-20T16:18:18Z,dr mike are you implying that consultion is bascally speeddating,doctor reacts to hilarious tiktoks,doctor,"['dr', 'mike', 'implying', 'consultion', 'bascally', 'speeddating']",6
VBduQSuqimc,Doctor Reacts To TERRIBLE TikTok Medical Advice,Doctor Mike,6456646,140851,"Wait..If im growing up around rats and stuff, does that mean ill have goob breathing?
Me getting out of breath just because I ran up the stairs.",@FinnAndBarnaby57,,0,2026-04-07T22:48:03Z,waitif im growing up around rats and stuff does that mean ill have goob breathing me getting out of breath just because i ran up the stairs,doctor reacts to terrible tiktok medical advice,doctor,"['waitif', 'im', 'growing', 'around', 'rats', 'stuff', 'mean', 'ill', 'goob', 'breathing', 'getting', 'breath', 'ran', 'stairs']",14
-s3rXAcna3o,Nitesh Soni Exposed | Reality of Fitness Influencers | Dt.Bhawesh | #diettubeindia #roast #shorts,DietTube India,2209968,106426,Farzi Doctor,@MithleshGupta-i5r,,0,2026-04-26T15:00:59Z,farzi doctor,nitesh soni exposed reality of fitness influencers dtbhawesh diettubeindia roast shorts,influencer,['farzi'],1
c9HAqDyXVqg,Doctor Reacts To Hilarious South Park Medical Scenes,Doctor Mike,13675497,327932,Thanks Doc Mike for your opinions.,@PutUinICU212,,0,2025-09-29T16:41:59Z,thanks doc mike for your opinions,doctor reacts to hilarious south park medical scenes,doctor,"['thanks', 'doc', 'mike', 'opinions']",4
ePOGpL-UlH8,TikTok Carnivores Are Getting Worse,AugustTheDuck,618275,26610,typical i have to expect this kind of meat hating from a duck go back to eating bread you duck .... keep it up i like your videos,@jimthemessiah,,0,2025-02-12T21:32:15Z,typical i have to expect this kind of meat hating from a duck go back to eating bread you duck keep it up i like your videos,tiktok carnivores are getting worse,influencer,"['typical', 'expect', 'kind', 'meat', 'hating', 'duck', 'go', 'back', 'eating', 'bread', 'duck', 'keep', 'videos']",13
a956CdkbnDk,Are Doctor Influencers POISONING Medicine? | Neurosurgeon vs Doctor Dropout,"Kevin Jubbal, M.D.",106982,3282,"Boomers haha. This mindset in the workplace is common in the Air Force pilot community too unfortunately. It’s pretty embarrassing to hear my pilot colleagues talk about divorce/cheating/leaving their families/etc. These are the people that kill themselves, so they are only hurting themselves tbh.",@ChillTry26,,1,2022-06-24T20:51:15Z,boomers haha this mindset in the workplace is common in the air force pilot community too unfortunately its pretty embarrassing to hear my pilot colleagues talk about divorcecheatingleaving their familiesetc these are the people that kill themselves so they are only hurting themselves tbh,are doctor influencers poisoning medicine neurosurgeon vs doctor dropout,doctor,"['boomers', 'haha', 'mindset', 'workplace', 'common', 'air', 'force', 'pilot', 'community', 'unfortunately', 'pretty', 'embarrassing', 'hear', 'pilot', 'colleagues', 'talk', 'divorcecheatingleaving', 'familiesetc', 'kill', 'hurting', 'tbh']",21
syBrhLAgM64,Real Doctor Reacts To Painful WWE Injuries,Doctor Mike,31765363,293926,I almost thew up bcz off the thumbnail,@Tocabocagirl1567,,1,2025-10-02T20:29:52Z,i almost thew up bcz off the thumbnail,real doctor reacts to painful wwe injuries,doctor,"['almost', 'thew', 'bcz', 'thumbnail']",4
RWAKbg_CF_E,How “Health Gurus” Trick You ft Gary Brecka,Doctor Mike,1349877,50563,Lol. U sound vaccinated,@Ivecoshop,,0,2025-06-06T14:21:30Z,lol u sound vaccinated,how health gurus trick you ft gary brecka,both,"['lol', 'u', 'sound', 'vaccinated']",4
iRCrg2EGfnU,I DESTROYED These “Doctors” Who Tried to Debunk the Carnivore Diet,FaceIQ,51541,1484,They also made videos on restless leg but didn't give me an answer. Dr Berg gave me the answer it was Nutritional Yeast.,@HadouGun,,5,2025-10-08T10:25:56Z,they also made videos on restless leg but didnt give me an answer dr berg gave me the answer it was nutritional yeast,i destroyed these doctors who tried to debunk the carnivore diet,doctor,"['made', 'videos', 'restless', 'leg', 'didnt', 'give', 'answer', 'dr', 'berg', 'gave', 'answer', 'nutritional', 'yeast']",13
Fu3dOT9aP3E,Doctor Reacts To Cartoon Network Medical Scenes,Doctor Mike,10872484,184793,"Canned peas are HORRIBLE!
I can understand why he didin't want to eat them!😅",@Herowebcomics,,0,2026-04-23T18:45:06Z,canned peas are horrible i can understand why he didint want to eat them,doctor reacts to cartoon network medical scenes,doctor,"['canned', 'peas', 'horrible', 'understand', 'didint', 'want', 'eat']",7
MIYMUfv3TK0,Fact-Checking MrWhoseTheBoss Health Hacks,Doctor Mike,4837931,150762,To be fair he did try to do good for himself and inspire other people. Even if it wasn't quite right.,@AlbertEinst13n,@John-lo4xz,0,2024-07-02T18:47:07Z,to be fair he did try to do good for himself and inspire other people even if it wasnt quite right,factchecking mrwhosetheboss health hacks,doctor,"['fair', 'try', 'good', 'inspire', 'wasnt', 'quite', 'right']",7
14vwvBvnWKo,"INSANE Wellness Influencers.. *Raw Diet, &quot;Demonic Food&quot;, &amp; Toxic Diets",Isabella Lanter,120706,4847,"While I was on a 2 year vegan diet, raw and cooked, I saw doctors for tests and scans for 8 months for swollen legs and very painful feet.
The best they came up with is to cut out some of my ""overactive"" parathyroid glands, I didn't want surgery so tried carnivore, within 3 weeks the swelling went down and the pain in my feet went away.
That is the medical system, you and doctors need more life experience.
7+ Years carnivore now and after the first 3 years I had reversed all of my many health problems: obesity, prediabetes, loose teeth, bleeding gums, sensitive teeth, cold sores, blocked sinuses, mouth breathing, left eye twitches (tetany), heartburn, calf cramps, yellow stool, blood in stool, edema below the knees, painful feet when walking, sunburn is less, shoulder, back and neck pain after waking, lower back pain and stiffness",@Meathead-10810,@IsabellaLanter,1,2026-01-07T07:29:39Z,while i was on a year vegan diet raw and cooked i saw doctors for tests and scans for months for swollen legs and very painful feet the best they came up with is to cut out some of my overactive parathyroid glands i didnt want surgery so tried carnivore within weeks the swelling went down and the pain in my feet went away that is the medical system you and doctors need more life experience years carnivore now and after the first years i had reversed all of my many health problems obesity prediabetes loose teeth bleeding gums sensitive teeth cold sores blocked sinuses mouth breathing left eye twitches tetany heartburn calf cramps yellow stool blood in stool edema below the knees painful feet when walking sunburn is less shoulder back and neck pain after waking lower back pain and stiffness,insane wellness influencers raw diet quotdemonic foodquot amp toxic diets,influencer,"['year', 'vegan', 'diet', 'raw', 'cooked', 'saw', 'tests', 'scans', 'months', 'swollen', 'legs', 'painful', 'feet', 'best', 'came', 'cut', 'overactive', 'parathyroid', 'glands', 'didnt', 'want', 'surgery', 'tried', 'carnivore', 'within', 'weeks', 'swelling', 'went', 'pain', 'feet', 'went', 'away', 'medical', 'system', 'need', 'life', 'experience', 'years', 'carnivore', 'first', 'years', 'reversed', 'many', 'health', 'problems', 'obesity', 'prediabetes', 'loose', 'teeth', 'bleeding', 'gums', 'sensitive', 'teeth', 'cold', 'sores', 'blocked', 'sinuses', 'mouth', 'breathing', 'left', 'eye', 'twitches', 'tetany', 'heartburn', 'calf', 'cramps', 'yellow', 'stool', 'blood', 'stool', 'edema', 'knees', 'painful', 'feet', 'walking', 'sunburn', 'less', 'shoulder', 'back', 'neck', 'pain', 'waking', 'lower', 'back', 'pain', 'stiffness']",86
kbInpn6QWNw,‘SkinnyTok’ Influencers Have Taken Over Health and Wellness Culture—and It’s More TOXIC Than Ever,Susannah Friesen,189711,6372,"16:06 this girl pissed me off so much 
Bc like for some people at 23 their body doesn’t work how it used to bc maybe they got diagnosed with a chronic illness or whatever 
I felt like it was such an moral failing of mine when I felt tired and etc 
She just ignores the reality of so many people",@harri6399,,0,2026-05-10T13:53:52Z,this girl pissed me off so much bc like for some people at their body doesnt work how it used to bc maybe they got diagnosed with a chronic illness or whatever i felt like it was such an moral failing of mine when i felt tired and etc she just ignores the reality of so many people,skinnytok influencers have taken over health and wellness cultureand its more toxic than ever,influencer,"['girl', 'pissed', 'much', 'bc', 'body', 'doesnt', 'work', 'used', 'bc', 'maybe', 'diagnosed', 'chronic', 'illness', 'whatever', 'felt', 'moral', 'failing', 'mine', 'felt', 'tired', 'etc', 'ignores', 'reality', 'many']",24
iRCrg2EGfnU,I DESTROYED These “Doctors” Who Tried to Debunk the Carnivore Diet,FaceIQ,51541,1484,"@MotivationLearner it doesn't make sense why would you not want fiber, water and compounds that heavily target inflammation when inflammation is the biggest risk factor in longevity?",@jacobshears-g2e,@jacobshears-g2e,0,2025-10-10T09:31:28Z,motivationlearner it doesnt make sense why would you not want fiber water and compounds that heavily target inflammation when inflammation is the biggest risk factor in longevity,i destroyed these doctors who tried to debunk the carnivore diet,doctor,"['motivationlearner', 'doesnt', 'make', 'sense', 'want', 'fiber', 'water', 'compounds', 'heavily', 'target', 'inflammation', 'inflammation', 'biggest', 'risk', 'factor', 'longevity']",16
nOgg-_vav_8,"Food Theory: Liver King, The RAW Truth! (Carnivore Diet)",The Food Theorists,5965267,161185,"It's likely you could eat it raw too, but unlikely considering sushi exists",@Mikethefallenlegend,,0,2026-01-27T23:30:05Z,its likely you could eat it raw too but unlikely considering sushi exists,food theory liver king the raw truth carnivore diet,influencer,"['likely', 'eat', 'raw', 'unlikely', 'considering', 'sushi', 'exists']",7
P-6q1PXEH-g,The Worst TikTok Carnivore Yet,AugustTheDuck,1737670,52554,I miss that duck,@qdz_z,,0,2025-10-21T14:55:00Z,i miss that duck,the worst tiktok carnivore yet,influencer,"['miss', 'duck']",2
a956CdkbnDk,Are Doctor Influencers POISONING Medicine? | Neurosurgeon vs Doctor Dropout,"Kevin Jubbal, M.D.",106982,3282,"This has been the comment I was looking for, this is exacly what Dr Glaucomflecken is talking about",@你是杰瑞吗,@Smart_Chick_,8,2023-04-19T07:54:33Z,this has been the comment i was looking for this is exacly what dr glaucomflecken is talking about,are doctor influencers poisoning medicine neurosurgeon vs doctor dropout,doctor,"['looking', 'exacly', 'dr', 'glaucomflecken', 'talking']",5
JslBDMGC9Xw,Real Doctor Reacts to DOC MCSTUFFINS,Doctor Mike,12973459,389433,This was just waaaay to cute😭❤,@Blameless10111,,1,2025-10-29T18:11:21Z,this was just waaaay to cute,real doctor reacts to doc mcstuffins,doctor,"['waaaay', 'cute']",2
e4uIyFLUxyw,Doctor Reacts To Ridiculous 5-Minute Crafts Videos,Doctor Mike,23671197,453411,That face in 3:24,@AaminaSufi,,0,2026-04-04T23:33:54Z,that face in,doctor reacts to ridiculous minute crafts videos,doctor,['face'],1
RWAKbg_CF_E,How “Health Gurus” Trick You ft Gary Brecka,Doctor Mike,1349877,50563,"And by the way, Dr. Mike, you list alcohol as a trigger for headaches (different from the ones supported by Brecka, in your attempt to prove he's wrong), but you conveniently forget to mention that the standard treatment in hospitals is exactly sodium/electrolytes (saline IV drips), which indirectly validates Brecka's point about low sodium being a factor.
Just a random example that jumped out at me, but there are probably many others.
Could this be manipulation? Could you, Dr. Mike, possibly be in the pocket of the medical industry that pushes a narrative down everyone's throat so people don't dare try better solutions and remain lifelong customers of mainstream medications that cure nothing and just keep you dependent so you can 'function'?
I don't know... maybe yes, maybe no... let everyone use the brain in their head to decide for themselves.",@arianajordan,@arianajordan,0,2026-02-08T04:48:27Z,and by the way dr mike you list alcohol as a trigger for headaches different from the ones supported by brecka in your attempt to prove hes wrong but you conveniently forget to mention that the standard treatment in hospitals is exactly sodiumelectrolytes saline iv drips which indirectly validates breckas point about low sodium being a factor just a random example that jumped out at me but there are probably many others could this be manipulation could you dr mike possibly be in the pocket of the medical industry that pushes a narrative down everyones throat so people dont dare try better solutions and remain lifelong customers of mainstream medications that cure nothing and just keep you dependent so you can function i dont know maybe yes maybe no let everyone use the brain in their head to decide for themselves,how health gurus trick you ft gary brecka,both,"['way', 'dr', 'mike', 'list', 'alcohol', 'trigger', 'headaches', 'different', 'ones', 'supported', 'brecka', 'attempt', 'prove', 'hes', 'wrong', 'conveniently', 'forget', 'mention', 'standard', 'treatment', 'hospitals', 'exactly', 'sodiumelectrolytes', 'saline', 'iv', 'drips', 'indirectly', 'validates', 'breckas', 'point', 'low', 'sodium', 'factor', 'random', 'example', 'jumped', 'probably', 'many', 'others', 'manipulation', 'dr', 'mike', 'possibly', 'pocket', 'medical', 'industry', 'pushes', 'narrative', 'everyones', 'throat', 'dont', 'dare', 'try', 'better', 'solutions', 'remain', 'lifelong', 'customers', 'mainstream', 'medications', 'cure', 'nothing', 'keep', 'dependent', 'function', 'dont', 'maybe', 'yes', 'maybe', 'let', 'everyone', 'use', 'brain', 'head', 'decide']",75
nOgg-_vav_8,"Food Theory: Liver King, The RAW Truth! (Carnivore Diet)",The Food Theorists,5965267,161185,10:44 greg,@Budder_is_cool,,0,2025-08-12T14:20:58Z,greg,food theory liver king the raw truth carnivore diet,influencer,['greg'],1
RjBpLeBzkng,Debunking HPV Myths,CBS News,656785,3958,Young Christopher Jones Linda White Anna,@포화-f8e,,0,2024-09-14T04:48:48Z,young christopher jones linda white anna,debunking hpv myths,doctor,"['young', 'christopher', 'jones', 'linda', 'white', 'anna']",6
zBC68iQjH-k,Doctor Reacts To Cringey Dhar Mann Videos,Doctor Mike,16271610,319001,Bro litterally just spitting out facts here,@thestrawberryjellycat,,0,2026-01-07T19:40:06Z,bro litterally just spitting out facts here,doctor reacts to cringey dhar mann videos,doctor,"['bro', 'litterally', 'spitting', 'facts']",4
2DVcs9kP97s,Scientist debunks: The worst skincare misinformation on TikTok,Lab Muffin Beauty Science,542411,26370,I am curious what your thoughts are on this.,@lynette3021,@lynette3021,0,2025-09-20T06:08:00Z,i am curious what your thoughts are on this,scientist debunks the worst skincare misinformation on tiktok,doctor,"['curious', 'thoughts']",2
C1wlED01hvY,Doctor Reacts To Extreme Medical Conditions,Doctor Mike,11372829,167022,bro is so brain rotted that he can’t spell properly🥀,@arandompoleontheinternet,@TheCalmGuy_Playz,0,2025-10-01T11:00:31Z,bro is so brain rotted that he cant spell properly,doctor reacts to extreme medical conditions,doctor,"['bro', 'brain', 'rotted', 'cant', 'spell', 'properly']",6
NErfR6OW7m8,Debunking the worst haircare advice on TikTok,Lab Muffin Beauty Science,1296082,50700,The ego on doctors is insane! Yet they rely on so many other people ahead of them its insane!,@MrAnderson2845,,0,2026-05-05T00:52:23Z,the ego on doctors is insane yet they rely on so many other people ahead of them its insane,debunking the worst haircare advice on tiktok,doctor,"['ego', 'insane', 'yet', 'rely', 'many', 'ahead', 'insane']",7
eGPLf4TZv0g,Doctor Reacts To Bizarre Health &quot;Hack&quot; Videos,Doctor Mike,12940800,299646,"When you feel a sneeze coming on, dont try to ""ignite the sneeze"" it will make you lose it.

Edit: the sneeze I mean",@Phatkitty2191,,0,2025-09-15T21:06:14Z,when you feel a sneeze coming on dont try to ignite the sneeze it will make you lose it edit the sneeze i mean,doctor reacts to bizarre health quothackquot videos,doctor,"['feel', 'sneeze', 'coming', 'dont', 'try', 'ignite', 'sneeze', 'make', 'lose', 'edit', 'sneeze', 'mean']",12
gKvlB-n59og,NUTRITION TRUTHS That Wellness Influencers ❌ DON&#39;T ❌ Want You to Know,Abbey Sharp,217965,8778,For real,@StephanieBogart,@alyssacoffey1760,1,2024-01-19T19:58:58Z,for real,nutrition truths that wellness influencers dont want you to know,influencer,['real'],1
Eb4-MOubIyM,Gynecologist Debunks Viral Birth Control LIES,Mama Doctor Jones,596173,27513,I can't use them because of the warnings on the packaging. Going by those they could kill me.,@Ousseaghymn,,1,2024-05-29T04:27:49Z,i cant use them because of the warnings on the packaging going by those they could kill me,gynecologist debunks viral birth control lies,doctor,"['cant', 'use', 'warnings', 'packaging', 'kill']",5
HbUo1bmEUg4,Here&#39;s Why Doctor&#39;s NEVER Drink Detox Tea,Doctor Mike,1250824,63113,"Lol “medical ethics“?? Laugh my ass off! No, you’re not selling the stuff because of medical ethics you’re not selling it because you make much more off of the pharmaceutical companies. Downing natural remedies in Louis pharmaceutical bullshit. Yeah… Doctors are all paid for by the pharmaceutical company and I haven’t taken the pharmaceutical drug in 20 years and I’m not gonna start and I’m insanely healthy. Doctors are the third leading cause of death in America. No thank you. This is a snake oil salesman.",@RoamingREDonFIRE,,0,2025-08-03T17:48:04Z,lol medical ethics laugh my ass off no youre not selling the stuff because of medical ethics youre not selling it because you make much more off of the pharmaceutical companies downing natural remedies in louis pharmaceutical bullshit yeah doctors are all paid for by the pharmaceutical company and i havent taken the pharmaceutical drug in years and im not gonna start and im insanely healthy doctors are the third leading cause of death in america no thank you this is a snake oil salesman,heres why doctors never drink detox tea,both,"['lol', 'medical', 'ethics', 'laugh', 'ass', 'youre', 'selling', 'stuff', 'medical', 'ethics', 'youre', 'selling', 'make', 'much', 'pharmaceutical', 'companies', 'downing', 'natural', 'remedies', 'louis', 'pharmaceutical', 'bullshit', 'yeah', 'paid', 'pharmaceutical', 'company', 'havent', 'taken', 'pharmaceutical', 'drug', 'years', 'im', 'gonna', 'start', 'im', 'insanely', 'healthy', 'third', 'leading', 'cause', 'death', 'america', 'thank', 'snake', 'oil', 'salesman']",46
7hrKm9STHw0,The WORST 5-Minute Crafts “Health Hacks”,Doctor Mike,15634408,279885,WE NEED MORE 5 -MINUTE CRAFTS REACTION VIDEOS!!!! 😂😂😂,@anitatoperczer3051,,0,2025-12-22T19:35:12Z,we need more minute crafts reaction videos,the worst minute crafts health hacks,doctor,"['need', 'minute', 'crafts', 'reaction', 'videos']",5
rmx6kXSkujo,Doctor Fact-Checks Grandma’s Medical Advice,Doctor Mike,9919018,222931,5:43 I'm definitely not watching this with my phone 6 inches away from my eyes😅,@7venty7even,,0,2025-07-20T05:11:07Z,im definitely not watching this with my phone inches away from my eyes,doctor factchecks grandmas medical advice,doctor,"['im', 'definitely', 'watching', 'phone', 'inches', 'away', 'eyes']",7
P-6q1PXEH-g,The Worst TikTok Carnivore Yet,AugustTheDuck,1737670,52554,@ms22366 Im actually made of fingernails (which are after dark),@fingernailafterdark,@fingernailafterdark,0,2025-07-24T04:34:01Z,ms im actually made of fingernails which are after dark,the worst tiktok carnivore yet,influencer,"['ms', 'im', 'made', 'fingernails', 'dark']",5
HbUo1bmEUg4,Here&#39;s Why Doctor&#39;s NEVER Drink Detox Tea,Doctor Mike,1250824,63113,"A good amount of my family members got behind the whole foot pad detox trend. When I showed them that at the end of the day their sweaty foot pad got less dark than a foot pad that I poured clean water on, they actually started to figure it out. This is some of the most basic information about your kidneys and livers you would learn in an anatomy class.",@waspwrap1235,@johndavidson5921,0,2025-02-26T01:56:29Z,a good amount of my family members got behind the whole foot pad detox trend when i showed them that at the end of the day their sweaty foot pad got less dark than a foot pad that i poured clean water on they actually started to figure it out this is some of the most basic information about your kidneys and livers you would learn in an anatomy class,heres why doctors never drink detox tea,both,"['good', 'amount', 'family', 'members', 'behind', 'whole', 'foot', 'pad', 'detox', 'trend', 'showed', 'end', 'day', 'sweaty', 'foot', 'pad', 'less', 'dark', 'foot', 'pad', 'poured', 'clean', 'water', 'started', 'figure', 'basic', 'information', 'kidneys', 'livers', 'learn', 'anatomy', 'class']",32
FPy4ABZ804c,Ridiculously Absurd 5-Minute Crafts “Health Hacks”,Doctor Mike,21798210,305706,Look at the text it tells you don't use it if you have a certain medical condition go to a practitioner for that,@MariaOrtiz-jd9hh,,0,2026-03-14T17:36:34Z,look at the text it tells you dont use it if you have a certain medical condition go to a practitioner for that,ridiculously absurd minute crafts health hacks,doctor,"['look', 'text', 'tells', 'dont', 'use', 'certain', 'medical', 'condition', 'go', 'practitioner']",10
q8FuCE2kWHo,Dieta Carnívora: A Verdade Científica que os Influencers Escondem,Endócrino e talks com Dr. Carlos Seraphim,37399,4157,Excelente conteúdo!!! Esclarecedor!,@cyberbusca2009,,0,2026-01-07T16:42:17Z,excelente contedo esclarecedor,dieta carnvora a verdade cientfica que os influencers escondem,both,"['excelente', 'contedo', 'esclarecedor']",3
m4stVVsKVRA,Doctor and Lawyer React To Grey’s Anatomy Malpractice Episode,Doctor Mike,14905060,305666,"10:40 Even if you were in his mind, he could easily have a foggy recollection",@JordanBeagle,,3,2025-07-12T12:52:53Z,even if you were in his mind he could easily have a foggy recollection,doctor and lawyer react to greys anatomy malpractice episode,doctor,"['mind', 'easily', 'foggy', 'recollection']",4
Fu3dOT9aP3E,Doctor Reacts To Cartoon Network Medical Scenes,Doctor Mike,10872484,184793,putting ed edd and eddy right after steven universe feels like a crime😭😭😭✌️,@tommyaweosme,,1,2026-03-29T18:25:26Z,putting ed edd and eddy right after steven universe feels like a crime,doctor reacts to cartoon network medical scenes,doctor,"['putting', 'ed', 'edd', 'eddy', 'right', 'steven', 'universe', 'feels', 'crime']",9
C1wlED01hvY,Doctor Reacts To Extreme Medical Conditions,Doctor Mike,11372829,167022,My sister is missing a part of her brain so she can’t talk walk text or write and the doctors and surgeons said that she would live to be 10but she is 14 right now.,@michellelacerda8856,,0,2026-05-24T00:03:04Z,my sister is missing a part of her brain so she cant talk walk text or write and the doctors and surgeons said that she would live to be but she is right now,doctor reacts to extreme medical conditions,doctor,"['sister', 'missing', 'part', 'brain', 'cant', 'talk', 'walk', 'text', 'write', 'surgeons', 'live', 'right']",12
NY4W7PY3OBY,Doctor Reacts to HILARIOUS TikToks,Doctor Mike,13628710,354175,"1:58 Doctor:African American Joey Tribiani doesn't exist he can't hurt you

My man in question :",@cebollo280,,0,2024-08-07T14:57:26Z,doctorafrican american joey tribiani doesnt exist he cant hurt you my man in question,doctor reacts to hilarious tiktoks,doctor,"['doctorafrican', 'american', 'joey', 'tribiani', 'doesnt', 'exist', 'cant', 'hurt', 'man', 'question']",10
_Alg1tjXiIs,Unhinged Wellness Influencers.. Insane Health advice!,Isabella Lanter,193321,7684,I love and appreciate your common sense. We need more of it in this effed-up world.,@stephaniehuthmacher4214,,1,2025-03-21T20:15:42Z,i love and appreciate your common sense we need more of it in this effedup world,unhinged wellness influencers insane health advice,influencer,"['love', 'appreciate', 'common', 'sense', 'need', 'effedup', 'world']",7
TroGENGRsNk,Doctor Reacts To The Most Extreme Diets | Freaky Eaters,Doctor Mike,16748333,298959,With the person who created ad blockers,@lgarebetter5067,,0,2026-02-20T17:03:39Z,with the person who created ad blockers,doctor reacts to the most extreme diets freaky eaters,doctor,"['person', 'created', 'ad', 'blockers']",4
gj4RJHq52Bk,“Influencers” don’t understand “raw milk”,Kyle Hill,491662,36880,Nirvana Fallacy. People have been using arsenic as medicine for millenia. Go take some.,@sithwolf8017,@johbowfor,2,2025-12-26T01:06:05Z,nirvana fallacy people have been using arsenic as medicine for millenia go take some,influencers dont understand raw milk,influencer,"['nirvana', 'fallacy', 'using', 'arsenic', 'medicine', 'millenia', 'go', 'take']",8
URN9G4Pljzk,STOP LISTENING TO WELLNESS INFLUENCERS OR AFFILIATE MARKETERS for medical advice. Pharmacist Reviews,"Dr. Ethan Melillo, PharmD",255517,15384,Mic drop!!,@k.e.M_,,1,2026-01-11T18:05:21Z,mic drop,stop listening to wellness influencers or affiliate marketers for medical advice pharmacist reviews,both,"['mic', 'drop']",2
P-6q1PXEH-g,The Worst TikTok Carnivore Yet,AugustTheDuck,1737670,52554,"Either way, a complete lack of anything else, specifically any carbohydrates will kill your testosterone by starving your body of enough of those specific nutrients and minerals, sugars and will tank testosterone production on a meat only diet, because you already know that theyre eating almost exclusively meat, and low testosterone will cause both a higher odor detection threshold and hyposmia, plus a reduced ability to correctly identify smells from recollection progressively the longer you go without it.",@GabrielPerdue-e4e,@GabrielPerdue-e4e,0,2025-12-29T02:36:17Z,either way a complete lack of anything else specifically any carbohydrates will kill your testosterone by starving your body of enough of those specific nutrients and minerals sugars and will tank testosterone production on a meat only diet because you already know that theyre eating almost exclusively meat and low testosterone will cause both a higher odor detection threshold and hyposmia plus a reduced ability to correctly identify smells from recollection progressively the longer you go without it,the worst tiktok carnivore yet,influencer,"['either', 'way', 'complete', 'lack', 'anything', 'else', 'specifically', 'carbohydrates', 'kill', 'testosterone', 'starving', 'body', 'enough', 'specific', 'nutrients', 'minerals', 'sugars', 'tank', 'testosterone', 'production', 'meat', 'diet', 'already', 'theyre', 'eating', 'almost', 'exclusively', 'meat', 'low', 'testosterone', 'cause', 'higher', 'odor', 'detection', 'threshold', 'hyposmia', 'plus', 'reduced', 'ability', 'correctly', 'identify', 'smells', 'recollection', 'progressively', 'longer', 'go', 'without']",47
IVGQLxCjudM,Gallbladder Flush - The true science behind the myth,Doctor Klaper,239163,5622,"Hi, so just oil and lemon juice? I thought they said epsom salt?",@brotherEbenezer,@fabriciorodriguez5788,0,2025-05-18T19:44:12Z,hi so just oil and lemon juice i thought they said epsom salt,gallbladder flush the true science behind the myth,doctor,"['hi', 'oil', 'lemon', 'juice', 'thought', 'epsom', 'salt']",7
q8FuCE2kWHo,Dieta Carnívora: A Verdade Científica que os Influencers Escondem,Endócrino e talks com Dr. Carlos Seraphim,37399,4157,"Eu fiz todas, a única que funcionou foi a lowcarb, carnívora vc precisa de grana, porque vc enjoa do frango, do ovo, vísceras, acem, chega um momento que vc quer um alcatra, filé mignon.....e não tem como sustentar isso. Eu ficava com fome, tinha vontade de comer outras coisas, como uma mandioca assada e não podia.

Tenho resistência insulina, mas não vejo fundamento em vc tirar o básico como arroz, feijão e uma tubérculos. O inimigo tá no trigo, açúcar, amidos refinados...E os esquimós?",@Elicris1018,,0,2026-05-11T22:53:39Z,eu fiz todas a nica que funcionou foi a lowcarb carnvora vc precisa de grana porque vc enjoa do frango do ovo vsceras acem chega um momento que vc quer um alcatra fil mignone no tem como sustentar isso eu ficava com fome tinha vontade de comer outras coisas como uma mandioca assada e no podia tenho resistncia insulina mas no vejo fundamento em vc tirar o bsico como arroz feijo e uma tubrculos o inimigo t no trigo acar amidos refinadose os esquims,dieta carnvora a verdade cientfica que os influencers escondem,both,"['eu', 'fiz', 'todas', 'nica', 'que', 'funcionou', 'foi', 'lowcarb', 'carnvora', 'vc', 'precisa', 'de', 'grana', 'porque', 'vc', 'enjoa', 'frango', 'ovo', 'vsceras', 'acem', 'chega', 'um', 'momento', 'que', 'vc', 'quer', 'um', 'alcatra', 'fil', 'mignone', 'tem', 'como', 'sustentar', 'isso', 'eu', 'ficava', 'com', 'fome', 'tinha', 'vontade', 'de', 'comer', 'outras', 'coisas', 'como', 'uma', 'mandioca', 'assada', 'e', 'podia', 'tenho', 'resistncia', 'insulina', 'mas', 'vejo', 'fundamento', 'em', 'vc', 'tirar', 'bsico', 'como', 'arroz', 'feijo', 'e', 'uma', 'tubrculos', 'inimigo', 'trigo', 'acar', 'amidos', 'refinadose', 'os', 'esquims']",73
EaafaBQGYUc,Give Me 8 Minutes. I&#39;ll Save You 25 Years Of Carnivore Mistakes.,Anthony Chaffee MD,769597,31903,Video titles like this make me wanna scream and put my head through a plate glass window,@TheLastHonestInfluencer,,0,2026-05-13T20:03:43Z,video titles like this make me wanna scream and put my head through a plate glass window,give me minutes ill save you years of carnivore mistakes,influencer,"['titles', 'make', 'wanna', 'scream', 'put', 'head', 'plate', 'glass', 'window']",9
DhlRgwdDc-E,Debunking the myths of OCD - Natascha M. Santos,TED-Ed,12376188,210988,"i know some shortcuts to try manage it (this may not help u tho) if you touch a surface with one finger and feel the need to do it with the rest of them in the exact same spot, rub that weird feeling on the finger that touched the surface on all of the other fingers, this makes me feel like i’ve done the compulsion but it only works sometimes",@sigmabfdiasmr,@adityakushwaha1705,0,2026-04-13T21:58:08Z,i know some shortcuts to try manage it this may not help u tho if you touch a surface with one finger and feel the need to do it with the rest of them in the exact same spot rub that weird feeling on the finger that touched the surface on all of the other fingers this makes me feel like ive done the compulsion but it only works sometimes,debunking the myths of ocd natascha m santos,doctor,"['shortcuts', 'try', 'manage', 'may', 'help', 'u', 'tho', 'touch', 'surface', 'finger', 'feel', 'need', 'rest', 'exact', 'spot', 'rub', 'weird', 'feeling', 'finger', 'touched', 'surface', 'fingers', 'makes', 'feel', 'ive', 'done', 'compulsion', 'works', 'sometimes']",29
_dQRK-q8u98,Has This Famous Carnivore Influencer Been Lying? - Doctor Reacts,Dr. Eric Westman - Adapt Your Life,417035,17844,"The truth is - we don't know yet. Nobody knows the long term consequences of a carnivore diet in humans, because such studies haven't been performed yet. It's a living breathing and ongoing experiment. But in people on a standard diet (I'm not talking SAD, I'm talking about variety of diets that include carbs from various sources), elevated cholesterol levels increase the risk of a heart attack or stroke. It has been well observed thorough many years and it's NOT a myth. Also, the latest research show that it doesn't matter if it's small of large particles. It's the number of the particles that counts.",@jijicatt,@CJ-so3tt,0,2026-04-24T10:07:09Z,the truth is we dont know yet nobody knows the long term consequences of a carnivore diet in humans because such studies havent been performed yet its a living breathing and ongoing experiment but in people on a standard diet im not talking sad im talking about variety of diets that include carbs from various sources elevated cholesterol levels increase the risk of a heart attack or stroke it has been well observed thorough many years and its not a myth also the latest research show that it doesnt matter if its small of large particles its the number of the particles that counts,has this famous carnivore influencer been lying doctor reacts,doctor,"['truth', 'dont', 'yet', 'nobody', 'knows', 'long', 'term', 'consequences', 'carnivore', 'diet', 'humans', 'studies', 'havent', 'performed', 'yet', 'living', 'breathing', 'ongoing', 'experiment', 'standard', 'diet', 'im', 'talking', 'sad', 'im', 'talking', 'variety', 'diets', 'include', 'carbs', 'various', 'sources', 'elevated', 'cholesterol', 'levels', 'increase', 'risk', 'heart', 'attack', 'stroke', 'well', 'observed', 'thorough', 'many', 'years', 'myth', 'latest', 'research', 'show', 'doesnt', 'matter', 'small', 'large', 'particles', 'number', 'particles', 'counts']",57
IxwcmuNrn1c,Dying Teen Listened to a Wellness Influencer Over Science | Law &amp; Order | NBC,Law & Order,80127,1257,"Yeah that's a great example of Darwinsim.
If you are that stupid you deserve to die",@mmbell,,0,2026-03-09T07:07:24Z,yeah thats a great example of darwinsim if you are that stupid you deserve to die,dying teen listened to a wellness influencer over science law amp order nbc,influencer,"['yeah', 'thats', 'great', 'example', 'darwinsim', 'stupid', 'deserve', 'die']",8
P-6q1PXEH-g,The Worst TikTok Carnivore Yet,AugustTheDuck,1737670,52554,No it didn’t,@NoN053,@EmceeBuckets,0,2026-03-21T10:25:25Z,no it didnt,the worst tiktok carnivore yet,influencer,['didnt'],1
HbUo1bmEUg4,Here&#39;s Why Doctor&#39;s NEVER Drink Detox Tea,Doctor Mike,1250824,63113,"Exactly....what many don't get is these influencers are late on these things that's why it's a hype but herbal tea has been around for decades and many herbs have great healing properties.... obviously along with these teas you eat well, exercise, avoid stressers etc..... traditional medicine etc are angry because more ppl are taking other alternatives and only seeing them for surgeries instead of weekly which doesn't give them the same money",@msmichelle2196,@WhixxLFS,0,2023-07-08T16:29:59Z,exactlywhat many dont get is these influencers are late on these things thats why its a hype but herbal tea has been around for decades and many herbs have great healing properties obviously along with these teas you eat well exercise avoid stressers etc traditional medicine etc are angry because more ppl are taking other alternatives and only seeing them for surgeries instead of weekly which doesnt give them the same money,heres why doctors never drink detox tea,both,"['exactlywhat', 'many', 'dont', 'late', 'things', 'thats', 'hype', 'herbal', 'tea', 'around', 'decades', 'many', 'herbs', 'great', 'healing', 'properties', 'obviously', 'along', 'teas', 'eat', 'well', 'exercise', 'avoid', 'stressers', 'etc', 'traditional', 'medicine', 'etc', 'angry', 'ppl', 'taking', 'alternatives', 'seeing', 'surgeries', 'instead', 'weekly', 'doesnt', 'give', 'money']",39
ep8ZMq3GLNA,Doctor Fact-Checks TikTok Nutrition Advice,Doctor Mike,14267243,293888,"ITS A MIRICAL IN A BOTTLE 
Mike:ITS POOP",@S.A.M3231,,0,2026-03-16T07:19:35Z,its a mirical in a bottle mikeits poop,doctor factchecks tiktok nutrition advice,doctor,"['mirical', 'bottle', 'mikeits', 'poop']",4
m4stVVsKVRA,Doctor and Lawyer React To Grey’s Anatomy Malpractice Episode,Doctor Mike,14905060,305666,OMG! That the second sign of madness according to my brother when we were kids in the 80s.,@YeahNo,@fanrco766,8,2026-01-25T08:01:30Z,omg that the second sign of madness according to my brother when we were kids in the s,doctor and lawyer react to greys anatomy malpractice episode,doctor,"['omg', 'second', 'sign', 'madness', 'according', 'brother', 'kids']",7
syBrhLAgM64,Real Doctor Reacts To Painful WWE Injuries,Doctor Mike,31765363,293926,Same thing,@Kem-y2y,,0,2025-12-01T20:29:19Z,same thing,real doctor reacts to painful wwe injuries,doctor,['thing'],1
h7PkIxS9Skg,Woman on Carnivore Diet | Kendahl Landreth,Kendahl Landreth,814593,42426,You can't tell me this isn't RFK Jr.'s executive assistant 👏😭,@danielmcelroy4505,,0,2025-12-14T07:08:21Z,you cant tell me this isnt rfk jrs executive assistant,woman on carnivore diet kendahl landreth,influencer,"['cant', 'tell', 'isnt', 'rfk', 'jrs', 'executive', 'assistant']",7
h7PkIxS9Skg,Woman on Carnivore Diet | Kendahl Landreth,Kendahl Landreth,814593,42426,And her office did smell like bad farts😂 I wonder if this was the reason🤣,@britz91,@britz91,4,2025-07-11T14:37:43Z,and her office did smell like bad farts i wonder if this was the reason,woman on carnivore diet kendahl landreth,influencer,"['office', 'smell', 'bad', 'farts', 'wonder', 'reason']",6
2l25ixKvYtk,Extreme diets and health trends people are swearing by | 60 Minutes Australia,60 Minutes Australia,559028,7621,"Maybe "" doctors"" could collectively have a zoom call and make up their f@$%n minds,they're as bad as all the ""health guru's""",@esteramandy2968,,0,2026-03-12T10:59:42Z,maybe doctors could collectively have a zoom call and make up their fn mindstheyre as bad as all the health gurus,extreme diets and health trends people are swearing by minutes australia,both,"['maybe', 'collectively', 'zoom', 'call', 'make', 'fn', 'mindstheyre', 'bad', 'health', 'gurus']",10
ep8ZMq3GLNA,Doctor Fact-Checks TikTok Nutrition Advice,Doctor Mike,14267243,293888,Love how Dr. Mike reacts when he hears outrageous claims,@African.empress,,0,2026-01-13T13:18:53Z,love how dr mike reacts when he hears outrageous claims,doctor factchecks tiktok nutrition advice,doctor,"['love', 'dr', 'mike', 'reacts', 'hears', 'outrageous', 'claims']",7
DhlRgwdDc-E,Debunking the myths of OCD - Natascha M. Santos,TED-Ed,12376188,210988,It makes me want  to die,@angelycastillo5492,@livedbiscuitm,1,2025-07-23T06:24:48Z,it makes me want to die,debunking the myths of ocd natascha m santos,doctor,"['makes', 'want', 'die']",3
S718YtbwrzY,Doctor Blocks Me For Correcting Him,Doctor Mike,10693953,319021,blocking bear is insane,@turdboi-3000,,0,2026-05-03T15:34:07Z,blocking bear is insane,doctor blocks me for correcting him,doctor,"['blocking', 'bear', 'insane']",3
iRCrg2EGfnU,I DESTROYED These “Doctors” Who Tried to Debunk the Carnivore Diet,FaceIQ,51541,1484,you got cooked by haircafe,@thrillster.,,1,2025-10-10T00:38:03Z,you got cooked by haircafe,i destroyed these doctors who tried to debunk the carnivore diet,doctor,"['cooked', 'haircafe']",2
_dQRK-q8u98,Has This Famous Carnivore Influencer Been Lying? - Doctor Reacts,Dr. Eric Westman - Adapt Your Life,417035,17844,I switched to carnivore the start of 2025 I can’t believe the changes I’ve gone through lost 4 stone haven’t had acid reflux or indigestion  for months no bloating either  and my energy levels have gone up ‘ just wish I had found carnivore sooner I’m 62 and living my best life. Ps I poo once a week,@chrisbowman4487,,0,2025-09-12T05:47:18Z,i switched to carnivore the start of i cant believe the changes ive gone through lost stone havent had acid reflux or indigestion for months no bloating either and my energy levels have gone up just wish i had found carnivore sooner im and living my best life ps i poo once a week,has this famous carnivore influencer been lying doctor reacts,doctor,"['switched', 'carnivore', 'start', 'cant', 'believe', 'changes', 'ive', 'gone', 'lost', 'stone', 'havent', 'acid', 'reflux', 'indigestion', 'months', 'bloating', 'either', 'energy', 'levels', 'gone', 'wish', 'found', 'carnivore', 'sooner', 'im', 'living', 'best', 'life', 'ps', 'poo', 'week']",31
P-6q1PXEH-g,The Worst TikTok Carnivore Yet,AugustTheDuck,1737670,52554,Doesn’t mean it’s exactly the best for you,@Fate-ofthe_Stars,@DJ3TIMELINE2,2,2025-08-25T19:27:50Z,doesnt mean its exactly the best for you,the worst tiktok carnivore yet,influencer,"['doesnt', 'mean', 'exactly', 'best']",4
2DVcs9kP97s,Scientist debunks: The worst skincare misinformation on TikTok,Lab Muffin Beauty Science,542411,26370,"What exactly was the misinformation? 

He usually puts all his sources in the description section",@jeanniemaycrawford4466,@Bitofa_nerd,0,2024-05-23T16:20:37Z,what exactly was the misinformation he usually puts all his sources in the description section,scientist debunks the worst skincare misinformation on tiktok,doctor,"['exactly', 'misinformation', 'usually', 'puts', 'sources', 'description', 'section']",7
gj4RJHq52Bk,“Influencers” don’t understand “raw milk”,Kyle Hill,491662,36880,"LMAO that’s what i thought too; Oh, boiling it kills the bacteria? Great, now there’s dead bacteria in my food, disgusting. (It’s a joke, but seriously idk how this works)",@kalyispie,@katherinedownover7927,1,2026-04-22T03:56:00Z,lmao thats what i thought too oh boiling it kills the bacteria great now theres dead bacteria in my food disgusting its a joke but seriously idk how this works,influencers dont understand raw milk,influencer,"['lmao', 'thats', 'thought', 'oh', 'boiling', 'kills', 'bacteria', 'great', 'theres', 'dead', 'bacteria', 'food', 'disgusting', 'joke', 'seriously', 'idk', 'works']",17
MIYMUfv3TK0,Fact-Checking MrWhoseTheBoss Health Hacks,Doctor Mike,4837931,150762,"I think it’s his scale, I could be wrong but I think he is. It probably isn’t the most accurate, but it can help you.",@Jimothy210,@timothyjarman2308,1,2024-01-16T00:26:56Z,i think its his scale i could be wrong but i think he is it probably isnt the most accurate but it can help you,factchecking mrwhosetheboss health hacks,doctor,"['scale', 'wrong', 'probably', 'isnt', 'accurate', 'help']",6
nOgg-_vav_8,"Food Theory: Liver King, The RAW Truth! (Carnivore Diet)",The Food Theorists,5965267,161185,I love excessively studying liver but I hate how he tastes.,@NeptunianAlt,,0,2026-04-21T17:01:40Z,i love excessively studying liver but i hate how he tastes,food theory liver king the raw truth carnivore diet,influencer,"['love', 'excessively', 'studying', 'liver', 'hate', 'tastes']",6
RWAKbg_CF_E,How “Health Gurus” Trick You ft Gary Brecka,Doctor Mike,1349877,50563,Thank you Dr Mike! These guys are big time scammers❤,@patriciaperez4138,,0,2025-05-15T19:50:04Z,thank you dr mike these guys are big time scammers,how health gurus trick you ft gary brecka,both,"['thank', 'dr', 'mike', 'guys', 'big', 'time', 'scammers']",7
14vwvBvnWKo,"INSANE Wellness Influencers.. *Raw Diet, &quot;Demonic Food&quot;, &amp; Toxic Diets",Isabella Lanter,120706,4847,@katekc100 completely true. the rise of orthorexia today just 90's anorexia culture with a coat of ✨wellness✨ paint over the top. i work at a wholefood/organic/supplement store and i see this shit every. day.,@lilys5515,@katekc100,1,2026-03-23T01:04:04Z,katekc completely true the rise of orthorexia today just s anorexia culture with a coat of wellness paint over the top i work at a wholefoodorganicsupplement store and i see this shit every day,insane wellness influencers raw diet quotdemonic foodquot amp toxic diets,influencer,"['katekc', 'completely', 'true', 'rise', 'orthorexia', 'today', 'anorexia', 'culture', 'coat', 'wellness', 'paint', 'top', 'work', 'wholefoodorganicsupplement', 'store', 'see', 'shit', 'every', 'day']",19
gKvlB-n59og,NUTRITION TRUTHS That Wellness Influencers ❌ DON&#39;T ❌ Want You to Know,Abbey Sharp,217965,8778,Lost me at defending Diet Coke.,@Lufe5280,,8,2024-01-10T19:24:45Z,lost me at defending diet coke,nutrition truths that wellness influencers dont want you to know,influencer,"['lost', 'defending', 'diet', 'coke']",4
ePOGpL-UlH8,TikTok Carnivores Are Getting Worse,AugustTheDuck,618275,26610,The way I read carnivore but thought cannibal...,@mariancosta501,,0,2024-09-17T18:09:33Z,the way i read carnivore but thought cannibal,tiktok carnivores are getting worse,influencer,"['way', 'read', 'carnivore', 'thought', 'cannibal']",5
MWOgIecCPps,The Truth About Lemon Water 😲,Doctor Mike,3131184,140281,"if i'm not mistaken, it triggers the CCK hormone",@SoleilMagica,@daanbondt3167,0,2026-01-12T12:21:27Z,if im not mistaken it triggers the cck hormone,the truth about lemon water,doctor,"['im', 'mistaken', 'triggers', 'cck', 'hormone']",5
kbInpn6QWNw,‘SkinnyTok’ Influencers Have Taken Over Health and Wellness Culture—and It’s More TOXIC Than Ever,Susannah Friesen,189711,6372,Not eating before working out is super insane.,@vvitch-mist20,@susannahfriesenofficial,5,2025-06-06T16:03:08Z,not eating before working out is super insane,skinnytok influencers have taken over health and wellness cultureand its more toxic than ever,influencer,"['eating', 'working', 'super', 'insane']",4
RWAKbg_CF_E,How “Health Gurus” Trick You ft Gary Brecka,Doctor Mike,1349877,50563,Isn't this the guy who said the Covid shot was safe and effective? What a goofball.,@toddjohnson0306,,1,2025-10-15T01:13:15Z,isnt this the guy who said the covid shot was safe and effective what a goofball,how health gurus trick you ft gary brecka,both,"['isnt', 'guy', 'covid', 'shot', 'safe', 'effective', 'goofball']",7
JslBDMGC9Xw,Real Doctor Reacts to DOC MCSTUFFINS,Doctor Mike,12973459,389433,Dragon,@LightKing-c1r,,0,2025-09-10T15:08:47Z,dragon,real doctor reacts to doc mcstuffins,doctor,['dragon'],1
h7PkIxS9Skg,Woman on Carnivore Diet | Kendahl Landreth,Kendahl Landreth,814593,42426,"@butwhywouldyoudothat not trying to lecture. but ya'll wanna be triggered, so I will excuse myself.",@Jane-lw4jb,@Jane-lw4jb,0,2025-07-15T05:18:09Z,butwhywouldyoudothat not trying to lecture but yall wanna be triggered so i will excuse myself,woman on carnivore diet kendahl landreth,influencer,"['butwhywouldyoudothat', 'trying', 'lecture', 'yall', 'wanna', 'triggered', 'excuse']",7
m4stVVsKVRA,Doctor and Lawyer React To Grey’s Anatomy Malpractice Episode,Doctor Mike,14905060,305666,Had to come comment b/c right when the Legal Eagle says “the one thing you want to remember is….” Commercial “…McDonald’s meal deals are back!” Just such great timing lol,@jordannrussell9378,,0,2025-09-17T00:21:00Z,had to come comment bc right when the legal eagle says the one thing you want to remember is commercial mcdonalds meal deals are back just such great timing lol,doctor and lawyer react to greys anatomy malpractice episode,doctor,"['come', 'bc', 'right', 'legal', 'eagle', 'thing', 'want', 'remember', 'commercial', 'mcdonalds', 'meal', 'deals', 'back', 'great', 'timing', 'lol']",16
h-6XmDlD3mo,The Truth About Detox Smoothies,Doctor Mike,5326716,159309,"I love Heavy Metal, don't make me have a detox 😢",@opheliacreamcurve6003,,0,2026-05-13T16:40:47Z,i love heavy metal dont make me have a detox,the truth about detox smoothies,both,"['love', 'heavy', 'metal', 'dont', 'make', 'detox']",6
URN9G4Pljzk,STOP LISTENING TO WELLNESS INFLUENCERS OR AFFILIATE MARKETERS for medical advice. Pharmacist Reviews,"Dr. Ethan Melillo, PharmD",255517,15384,"All I can say about the Covid vaccine is that not enough testing was done. I got it after a couple of years because I needed a job and trusted the research more. I don't trust any vaccine that had less then a year of testing before being rolled out. Not to mention, it made my parents sick, there were TONS of recalls, and the effectiveness kept going down and down. Vaccination is important for herd immunity, for sure! But we need to make sure these things are actually safe first",@JustAnotherUser-rg2yp,@buds8423,0,2026-01-13T20:56:58Z,all i can say about the covid vaccine is that not enough testing was done i got it after a couple of years because i needed a job and trusted the research more i dont trust any vaccine that had less then a year of testing before being rolled out not to mention it made my parents sick there were tons of recalls and the effectiveness kept going down and down vaccination is important for herd immunity for sure but we need to make sure these things are actually safe first,stop listening to wellness influencers or affiliate marketers for medical advice pharmacist reviews,both,"['covid', 'vaccine', 'enough', 'testing', 'done', 'couple', 'years', 'needed', 'job', 'trusted', 'research', 'dont', 'trust', 'vaccine', 'less', 'year', 'testing', 'rolled', 'mention', 'made', 'parents', 'sick', 'tons', 'recalls', 'effectiveness', 'kept', 'vaccination', 'important', 'herd', 'immunity', 'sure', 'need', 'make', 'sure', 'things', 'safe', 'first']",37
OweSs5lTKJA,Tongkat Ali - How Health Influencers SCAM You,Dr Brad Stanfield,221034,2635,That was a dumb video. Everything I’ve read about tongkat Ali said that it boosts free testosterone. I haven’t heard anyone claiming it raises overall testosterone (although I’m sure many people do claim that).,@kevinsutube1p528,@DrBradStanfield,12,2023-07-22T04:49:46Z,that was a dumb video everything ive read about tongkat ali said that it boosts free testosterone i havent heard anyone claiming it raises overall testosterone although im sure many people do claim that,tongkat ali how health influencers scam you,both,"['dumb', 'everything', 'ive', 'read', 'tongkat', 'ali', 'boosts', 'free', 'testosterone', 'havent', 'heard', 'anyone', 'claiming', 'raises', 'overall', 'testosterone', 'although', 'im', 'sure', 'many', 'claim']",21
MIYMUfv3TK0,Fact-Checking MrWhoseTheBoss Health Hacks,Doctor Mike,4837931,150762,How was he calculating his fat percentage?,@timothyjarman2308,,1,2024-01-15T04:59:30Z,how was he calculating his fat percentage,factchecking mrwhosetheboss health hacks,doctor,"['calculating', 'fat', 'percentage']",3
jzFY1KDoaeU,Pediatricians Debunk 16 Baby Myths,Insider Science,9781487,160233,"Mine is 4,5months so I don’t have experience in this but I would search for a way you can help your child but in a way you can keep your back straight. If she’s tall enough and you’re not very tall maybe when she raises her hands you don’t have to bend down or you could use some kind of rope with a handle the she can hold and you’re holding it above her, like an extension of your arms?",@kims2r,@987rox123x,0,2025-10-07T12:35:41Z,mine is months so i dont have experience in this but i would search for a way you can help your child but in a way you can keep your back straight if shes tall enough and youre not very tall maybe when she raises her hands you dont have to bend down or you could use some kind of rope with a handle the she can hold and youre holding it above her like an extension of your arms,pediatricians debunk baby myths,doctor,"['mine', 'months', 'dont', 'experience', 'search', 'way', 'help', 'child', 'way', 'keep', 'back', 'straight', 'shes', 'tall', 'enough', 'youre', 'tall', 'maybe', 'raises', 'hands', 'dont', 'bend', 'use', 'kind', 'rope', 'handle', 'hold', 'youre', 'holding', 'extension', 'arms']",31
VBduQSuqimc,Doctor Reacts To TERRIBLE TikTok Medical Advice,Doctor Mike,6456646,140851,What?,@AlMaJo12,@h_a_n_s_i_l_u,0,2026-03-19T21:17:23Z,what,doctor reacts to terrible tiktok medical advice,doctor,[],0
kbInpn6QWNw,‘SkinnyTok’ Influencers Have Taken Over Health and Wellness Culture—and It’s More TOXIC Than Ever,Susannah Friesen,189711,6372,"coming from an athlete, the first video isn’t that bad. you do need to sleep, you need cardio, you need to increase your water intake, you need to be focusing on macros. To build muscle, you need 0.5g per lb of body weight. My biggest only critiques are that 8k steps isn’t necessary and you don’t need to go to the gym 6 days a week for 2 hours. an 45-60mins for 3-5 (ideally 5) days a week is all you need.",@koiphishy,,1,2025-08-26T19:27:41Z,coming from an athlete the first video isnt that bad you do need to sleep you need cardio you need to increase your water intake you need to be focusing on macros to build muscle you need g per lb of body weight my biggest only critiques are that k steps isnt necessary and you dont need to go to the gym days a week for hours an mins for ideally days a week is all you need,skinnytok influencers have taken over health and wellness cultureand its more toxic than ever,influencer,"['coming', 'athlete', 'first', 'isnt', 'bad', 'need', 'sleep', 'need', 'cardio', 'need', 'increase', 'water', 'intake', 'need', 'focusing', 'macros', 'build', 'muscle', 'need', 'g', 'per', 'lb', 'body', 'weight', 'biggest', 'critiques', 'k', 'steps', 'isnt', 'necessary', 'dont', 'need', 'go', 'gym', 'days', 'week', 'hours', 'mins', 'ideally', 'days', 'week', 'need']",42
ymVkv3GFzN0,"TOP 1% WOMAN ROUTINE: How I Stay Productive, Healthy &amp; Balanced",Dr Faye Bate,2387469,52779,"After years Tired, lacking confidence, depressed, being chased by others, and fear... finally, I've found myself now and started focusing only on myself. I'm so proud that I took this step.",@JasHassan-p,,2,2026-02-06T19:30:34Z,after years tired lacking confidence depressed being chased by others and fear finally ive found myself now and started focusing only on myself im so proud that i took this step,top woman routine how i stay productive healthy amp balanced,doctor,"['years', 'tired', 'lacking', 'confidence', 'depressed', 'chased', 'others', 'fear', 'finally', 'ive', 'found', 'started', 'focusing', 'im', 'proud', 'took', 'step']",17
BD4Ep93cfpI,"TREAT YOUR BODY LIKE A TEMPLE: Tips on eating healthy, workout routine, &amp; purity as a Christian girl",Ashley Hetherington,161215,9361,"Hey I’m in middle school now man, I’m a 12 year old. Keep living like that girl❤️",@AvaGracePlace_116,@BrielleFittz,0,2025-03-31T19:20:28Z,hey im in middle school now man im a year old keep living like that girl,treat your body like a temple tips on eating healthy workout routine amp purity as a christian girl,both,"['hey', 'im', 'middle', 'school', 'man', 'im', 'year', 'old', 'keep', 'living', 'girl']",11
DpFPqM-oRIM,Carnivore Diet - I AM STOPPING (202 Days In)- My Last Meal,HomeSteadHow,678698,16077,​@mattnewland8963 yeah the dishonesty of these carnivore youtubers is ridiculous,@VENOUSUS,@VENOUSUS,0,2026-04-19T00:51:00Z,mattnewland yeah the dishonesty of these carnivore youtubers is ridiculous,carnivore diet i am stopping days in my last meal,influencer,"['mattnewland', 'yeah', 'dishonesty', 'carnivore', 'youtubers', 'ridiculous']",6
IVGQLxCjudM,Gallbladder Flush - The true science behind the myth,Doctor Klaper,239163,5622,Does anyone have the recipe for this? I can use it urgently please.,@maydaracines5993,,0,2026-03-02T22:43:56Z,does anyone have the recipe for this i can use it urgently please,gallbladder flush the true science behind the myth,doctor,"['anyone', 'recipe', 'use', 'urgently', 'please']",5
5LLl4neKRgk,Doctor Reacts To Rough Soccer Injuries,Doctor Mike,10880256,151475,"I think one of the worst injuries ever was R9’s injury when he was playing with Inter, and it was really unfortunate and he was lucky because his career could have ended at such a young age. We may have never seen one of the best players in this sport if that injury went really wrong.",@Zarealmaestro,,0,2025-12-04T05:31:15Z,i think one of the worst injuries ever was rs injury when he was playing with inter and it was really unfortunate and he was lucky because his career could have ended at such a young age we may have never seen one of the best players in this sport if that injury went really wrong,doctor reacts to rough soccer injuries,doctor,"['worst', 'injuries', 'ever', 'rs', 'injury', 'playing', 'inter', 'unfortunate', 'lucky', 'career', 'ended', 'young', 'age', 'may', 'never', 'seen', 'best', 'players', 'sport', 'injury', 'went', 'wrong']",22
Eb4-MOubIyM,Gynecologist Debunks Viral Birth Control LIES,Mama Doctor Jones,596173,27513,"The problem is the community thing. AS LONG AS YOU DON'T TELL PEOPLE WHAT TO DO OR NOT TO DO, do you!!! I decided to stop BC bc i don't need them and i want my natural cycle back even if the BC makes it more regular. I am not a clock and i am fairly regular without it and don't have sex so dont want it anymore.
But i hate the natural ones bc I KNOW how it feels bc that works on ny brain like...i am pretty anti hormonal choices but I DON'T TELL OR EVEN THINK ON TELLING OTHER PEOPLE WHAT TO DO !!! IT'S INSANE THAT THERE ARE PEOPLE WANTING TO TELL PEOPLE WHAT TO DO WITH THEIR LIVES.",@inesar1993,,0,2025-06-11T22:37:34Z,the problem is the community thing as long as you dont tell people what to do or not to do do you i decided to stop bc bc i dont need them and i want my natural cycle back even if the bc makes it more regular i am not a clock and i am fairly regular without it and dont have sex so dont want it anymore but i hate the natural ones bc i know how it feels bc that works on ny brain likei am pretty anti hormonal choices but i dont tell or even think on telling other people what to do its insane that there are people wanting to tell people what to do with their lives,gynecologist debunks viral birth control lies,doctor,"['problem', 'community', 'thing', 'long', 'dont', 'tell', 'decided', 'stop', 'bc', 'bc', 'dont', 'need', 'want', 'natural', 'cycle', 'back', 'bc', 'makes', 'regular', 'clock', 'fairly', 'regular', 'without', 'dont', 'sex', 'dont', 'want', 'anymore', 'hate', 'natural', 'ones', 'bc', 'feels', 'bc', 'works', 'ny', 'brain', 'likei', 'pretty', 'anti', 'hormonal', 'choices', 'dont', 'tell', 'telling', 'insane', 'wanting', 'tell', 'lives']",49
jzFY1KDoaeU,Pediatricians Debunk 16 Baby Myths,Insider Science,9781487,160233,I had a neighbor whose baby was always on a walker and her baby walked at 9 months also. I never put my baby on a walker and she didn’t walk until she was 15 months.,@pichichisosa3110,@sophiawright007,0,2025-05-04T21:14:17Z,i had a neighbor whose baby was always on a walker and her baby walked at months also i never put my baby on a walker and she didnt walk until she was months,pediatricians debunk baby myths,doctor,"['neighbor', 'whose', 'baby', 'always', 'walker', 'baby', 'walked', 'months', 'never', 'put', 'baby', 'walker', 'didnt', 'walk', 'months']",15
NErfR6OW7m8,Debunking the worst haircare advice on TikTok,Lab Muffin Beauty Science,1296082,50700,Ways to grow your hair faster please,@670Deryielle,,0,2026-01-22T00:08:11Z,ways to grow your hair faster please,debunking the worst haircare advice on tiktok,doctor,"['ways', 'grow', 'hair', 'faster', 'please']",5
5HYlXUbnAJY,Doctor Reacts to The Most Dangerous MrBeast Stunts,Doctor Mike,16516750,389961,"why does he have beard , beard on mike is scary",@sophias.bestie,,0,2025-08-18T20:49:56Z,why does he have beard beard on mike is scary,doctor reacts to the most dangerous mrbeast stunts,doctor,"['beard', 'beard', 'mike', 'scary']",4
BLK6dV76XTQ,TikToks Your Doctor Warned You About,Doctor Mike,16410206,230437,"why does my mom have super dark blood 
edit i swear to god im no liying",@brawlkst,,0,2026-02-26T14:17:56Z,why does my mom have super dark blood edit i swear to god im no liying,tiktoks your doctor warned you about,both,"['mom', 'super', 'dark', 'blood', 'edit', 'swear', 'god', 'im', 'liying']",9
FPy4ABZ804c,Ridiculously Absurd 5-Minute Crafts “Health Hacks”,Doctor Mike,21798210,305706,His hair is so nice longer 😭,@kaysefxs,,0,2026-04-19T19:20:08Z,his hair is so nice longer,ridiculously absurd minute crafts health hacks,doctor,"['hair', 'nice', 'longer']",3
ymVkv3GFzN0,"TOP 1% WOMAN ROUTINE: How I Stay Productive, Healthy &amp; Balanced",Dr Faye Bate,2387469,52779,This was so much fun to watch.,@AwdheshKumar-d6t9v,,0,2025-11-06T15:07:14Z,this was so much fun to watch,top woman routine how i stay productive healthy amp balanced,doctor,"['much', 'fun']",2
ep8ZMq3GLNA,Doctor Fact-Checks TikTok Nutrition Advice,Doctor Mike,14267243,293888,"2:15 Puma, cougar, panther, mountain lion, same thing (also yes that's a panther)",@SolidState5150,,9,2025-09-23T23:02:10Z,puma cougar panther mountain lion same thing also yes thats a panther,doctor factchecks tiktok nutrition advice,doctor,"['puma', 'cougar', 'panther', 'mountain', 'lion', 'thing', 'yes', 'thats', 'panther']",9
IVGQLxCjudM,Gallbladder Flush - The true science behind the myth,Doctor Klaper,239163,5622,"Can you please share proof with me before and after cleansing , before cleansing ultrasound report and after cleansing ultrasound report. My father is sick please help",@SunnSumit,@2nearmenot2hearme,0,2025-11-14T11:22:27Z,can you please share proof with me before and after cleansing before cleansing ultrasound report and after cleansing ultrasound report my father is sick please help,gallbladder flush the true science behind the myth,doctor,"['please', 'share', 'proof', 'cleansing', 'cleansing', 'ultrasound', 'report', 'cleansing', 'ultrasound', 'report', 'father', 'sick', 'please', 'help']",14
eGPLf4TZv0g,Doctor Reacts To Bizarre Health &quot;Hack&quot; Videos,Doctor Mike,12940800,299646,I had a bruise a few days ago and i d8dnt even touch itmand it healed in 3 days :3,@sabrinagalaxy101,,0,2025-06-09T16:01:04Z,i had a bruise a few days ago and i ddnt even touch itmand it healed in days,doctor reacts to bizarre health quothackquot videos,doctor,"['bruise', 'days', 'ago', 'ddnt', 'touch', 'itmand', 'healed', 'days']",8
EaafaBQGYUc,Give Me 8 Minutes. I&#39;ll Save You 25 Years Of Carnivore Mistakes.,Anthony Chaffee MD,769597,31903,"I'm so sorry to hear that! Yes going carnivores just about nutrition, and optimal nutrition, especially with optimal amounts of protein and fat, is to be very important to recover from a major surgery like that.. Is just the essential nutrients that we are designed to have in the proportion that we need them, and the elimination of a lot of other things that can cause harm. There are a lot of things like high blood sugar, plant sterols called phytosterols that may make our cholesterol, other toxins that cause oxidative stress, and then a lack of B12 which elevates home assistant can all damage your arteries contribute to atherosclerosis which is a risk factor for dissections and aneurysms. If you look at my interview with Dr Phillip Ovadia, He is a cardiothoracic surgeon who advocates for people like his patients to go on a carnivore diet. Check that interview out on my YouTube channel",@anthonychaffeemd,@david2cu901,1,2026-05-12T06:40:07Z,im so sorry to hear that yes going carnivores just about nutrition and optimal nutrition especially with optimal amounts of protein and fat is to be very important to recover from a major surgery like that is just the essential nutrients that we are designed to have in the proportion that we need them and the elimination of a lot of other things that can cause harm there are a lot of things like high blood sugar plant sterols called phytosterols that may make our cholesterol other toxins that cause oxidative stress and then a lack of b which elevates home assistant can all damage your arteries contribute to atherosclerosis which is a risk factor for dissections and aneurysms if you look at my interview with dr phillip ovadia he is a cardiothoracic surgeon who advocates for people like his patients to go on a carnivore diet check that interview out on my youtube channel,give me minutes ill save you years of carnivore mistakes,influencer,"['im', 'sorry', 'hear', 'yes', 'carnivores', 'nutrition', 'optimal', 'nutrition', 'especially', 'optimal', 'amounts', 'protein', 'fat', 'important', 'recover', 'major', 'surgery', 'essential', 'nutrients', 'designed', 'proportion', 'need', 'elimination', 'lot', 'things', 'cause', 'harm', 'lot', 'things', 'high', 'blood', 'sugar', 'plant', 'sterols', 'called', 'phytosterols', 'may', 'make', 'cholesterol', 'toxins', 'cause', 'oxidative', 'stress', 'lack', 'b', 'elevates', 'home', 'assistant', 'damage', 'arteries', 'contribute', 'atherosclerosis', 'risk', 'factor', 'dissections', 'aneurysms', 'look', 'interview', 'dr', 'phillip', 'ovadia', 'cardiothoracic', 'surgeon', 'advocates', 'patients', 'go', 'carnivore', 'diet', 'check', 'interview']",70
VBduQSuqimc,Doctor Reacts To TERRIBLE TikTok Medical Advice,Doctor Mike,6456646,140851,12:05 this is some dhmis typa shi,@Yumyunyin,,0,2026-03-29T06:29:16Z,this is some dhmis typa shi,doctor reacts to terrible tiktok medical advice,doctor,"['dhmis', 'typa', 'shi']",3
a956CdkbnDk,Are Doctor Influencers POISONING Medicine? | Neurosurgeon vs Doctor Dropout,"Kevin Jubbal, M.D.",106982,3282,I do think he made several valid points and I believe you did as well. A really productive conversation could definitely be had.,@taygyrl,,0,2022-07-02T19:00:12Z,i do think he made several valid points and i believe you did as well a really productive conversation could definitely be had,are doctor influencers poisoning medicine neurosurgeon vs doctor dropout,doctor,"['made', 'several', 'valid', 'points', 'believe', 'well', 'productive', 'conversation', 'definitely']",9
JP76ekb_DxI,Uncovering Corruption From Spiritual Leaders &amp; Health Experts | Scott Carney,Doctor Mike,552785,12929,"This popped up in my feed a year later 😅 wonder how everyone is feeling now that we know that Attia is in the Epstein files and Huberman is a grifter womanizer. Maybe Scott doesn’t have everything figured out and maybe he’s not the best in interviews, but most of his warnings have come true.",@iamwolf805,,5,2026-02-17T23:41:34Z,this popped up in my feed a year later wonder how everyone is feeling now that we know that attia is in the epstein files and huberman is a grifter womanizer maybe scott doesnt have everything figured out and maybe hes not the best in interviews but most of his warnings have come true,uncovering corruption from spiritual leaders amp health experts scott carney,doctor,"['popped', 'feed', 'year', 'later', 'wonder', 'everyone', 'feeling', 'attia', 'epstein', 'files', 'huberman', 'grifter', 'womanizer', 'maybe', 'scott', 'doesnt', 'everything', 'figured', 'maybe', 'hes', 'best', 'interviews', 'warnings', 'come', 'true']",25
q8FuCE2kWHo,Dieta Carnívora: A Verdade Científica que os Influencers Escondem,Endócrino e talks com Dr. Carlos Seraphim,37399,4157,Melhor canal!,@yurism,,0,2025-10-18T06:57:35Z,melhor canal,dieta carnvora a verdade cientfica que os influencers escondem,both,"['melhor', 'canal']",2
BD4Ep93cfpI,"TREAT YOUR BODY LIKE A TEMPLE: Tips on eating healthy, workout routine, &amp; purity as a Christian girl",Ashley Hetherington,161215,9361,Love this editing!,@aliceblack7131,,0,2023-05-20T04:52:26Z,love this editing,treat your body like a temple tips on eating healthy workout routine amp purity as a christian girl,both,"['love', 'editing']",2
rmx6kXSkujo,Doctor Fact-Checks Grandma’s Medical Advice,Doctor Mike,9919018,222931,"""sugar doesn't make you hyper."" ""alcohol breaks down into sugar when you sleep which wakes you up."" pick a lane.",@ratholin,,0,2026-01-09T18:25:11Z,sugar doesnt make you hyper alcohol breaks down into sugar when you sleep which wakes you up pick a lane,doctor factchecks grandmas medical advice,doctor,"['sugar', 'doesnt', 'make', 'hyper', 'alcohol', 'breaks', 'sugar', 'sleep', 'wakes', 'pick', 'lane']",11
P-6q1PXEH-g,The Worst TikTok Carnivore Yet,AugustTheDuck,1737670,52554,Too much Fat leads to diabetes. Do I need to elaborate?,@NoN053,@SSnake4425,0,2026-03-21T10:22:18Z,too much fat leads to diabetes do i need to elaborate,the worst tiktok carnivore yet,influencer,"['much', 'fat', 'leads', 'diabetes', 'need', 'elaborate']",6
C1wlED01hvY,Doctor Reacts To Extreme Medical Conditions,Doctor Mike,11372829,167022,Nice video but when we come across ads in the middle instead of the beginning or at the end we give an unhappy👎🏻👎👎🏼👎🏽👎🏾👎🏿☹️,@Pattwon,,1,2025-08-09T22:06:45Z,nice video but when we come across ads in the middle instead of the beginning or at the end we give an unhappy,doctor reacts to extreme medical conditions,doctor,"['nice', 'come', 'across', 'ads', 'middle', 'instead', 'beginning', 'end', 'give', 'unhappy']",10
gj4RJHq52Bk,“Influencers” don’t understand “raw milk”,Kyle Hill,491662,36880,Cool story aka Survivor's Fallacy,@sithwolf8017,@lancelikestofish,4,2025-12-26T01:05:24Z,cool story aka survivors fallacy,influencers dont understand raw milk,influencer,"['cool', 'story', 'aka', 'survivors', 'fallacy']",5
aRV0dpzuJcY,Fridge Vs Influencers. Zeher Kismein Hai?,Dr Jayesh Sharma,78418,2584,​@m_varsh india me 60 saal to hone do fridge ko common people ke pass,@dr.hasan_medicine,@princyprincesss4572,0,2025-12-31T10:45:01Z,mvarsh india me saal to hone do fridge ko common people ke pass,fridge vs influencers zeher kismein hai,both,"['mvarsh', 'india', 'saal', 'hone', 'fridge', 'ko', 'common', 'ke', 'pass']",9
14vwvBvnWKo,"INSANE Wellness Influencers.. *Raw Diet, &quot;Demonic Food&quot;, &amp; Toxic Diets",Isabella Lanter,120706,4847,"Thank God, they took god outta food. I don't want to eat God.",@kayaikinci9855,,0,2025-12-19T13:24:50Z,thank god they took god outta food i dont want to eat god,insane wellness influencers raw diet quotdemonic foodquot amp toxic diets,influencer,"['thank', 'god', 'took', 'god', 'outta', 'food', 'dont', 'want', 'eat', 'god']",10
S718YtbwrzY,Doctor Blocks Me For Correcting Him,Doctor Mike,10693953,319021,Bear is too cute to be blocked,@RodinaAl-Ghamdi-hv8lb,,1,2026-01-27T18:13:52Z,bear is too cute to be blocked,doctor blocks me for correcting him,doctor,"['bear', 'cute', 'blocked']",3
z88sps6FI88,Doctor Reacts To Scary TikTok Health Advice,Doctor Mike,8902487,212265,Water is acid? Damn! Drinking acid feels awesome.,@MCPunk55,,0,2026-05-22T12:41:39Z,water is acid damn drinking acid feels awesome,doctor reacts to scary tiktok health advice,doctor,"['water', 'acid', 'damn', 'drinking', 'acid', 'feels', 'awesome']",7
DhlRgwdDc-E,Debunking the myths of OCD - Natascha M. Santos,TED-Ed,12376188,210988,"Yep, that’d be OCD, but it’s curable! Honestly sounds a lot like mine if you need someone to relate too",@Norma-animallover,@BerryTeary,0,2026-01-15T02:43:36Z,yep thatd be ocd but its curable honestly sounds a lot like mine if you need someone to relate too,debunking the myths of ocd natascha m santos,doctor,"['yep', 'thatd', 'ocd', 'curable', 'honestly', 'sounds', 'lot', 'mine', 'need', 'someone', 'relate']",11
FrbiPlT-rJU,TikToks Only A Doctor Can Explain,Doctor Mike,19330238,303619,"sometimes when im eating junk food i just kind of think ""hey remember how dissapointed dr mike would be in you if he saw you doing that""",@bubu7lovesjaywalker,,0,2026-01-12T03:55:16Z,sometimes when im eating junk food i just kind of think hey remember how dissapointed dr mike would be in you if he saw you doing that,tiktoks only a doctor can explain,both,"['sometimes', 'im', 'eating', 'junk', 'food', 'kind', 'hey', 'remember', 'dissapointed', 'dr', 'mike', 'saw']",12
gj4RJHq52Bk,“Influencers” don’t understand “raw milk”,Kyle Hill,491662,36880,Just let the darwinism happen Kyle...,@asianotakuguy,,0,2025-08-26T01:44:53Z,just let the darwinism happen kyle,influencers dont understand raw milk,influencer,"['let', 'darwinism', 'happen', 'kyle']",4
jzFY1KDoaeU,Pediatricians Debunk 16 Baby Myths,Insider Science,9781487,160233,These women want to label all babies in one box smh.... every baby is different,@Sainax1776,,1,2025-05-05T08:26:58Z,these women want to label all babies in one box smh every baby is different,pediatricians debunk baby myths,doctor,"['women', 'want', 'label', 'babies', 'box', 'smh', 'every', 'baby', 'different']",9
5LLl4neKRgk,Doctor Reacts To Rough Soccer Injuries,Doctor Mike,10880256,151475,It’s not football or soccer its fodbold ind danish lol😂😂😂😂,@thildenielsen2552,,1,2026-01-09T15:30:04Z,its not football or soccer its fodbold ind danish lol,doctor reacts to rough soccer injuries,doctor,"['football', 'soccer', 'fodbold', 'ind', 'danish', 'lol']",6
MTDkExiOwZU,4 Carnivore Experts: The Ultimate Carnivore Diet For Women 2024,The Primal Podcast,430393,15351,How does this high fat carnivore diet go over with no gallbladder? This is where I’m stuck,@amandapeterson5561,,0,2026-04-19T17:18:56Z,how does this high fat carnivore diet go over with no gallbladder this is where im stuck,carnivore experts the ultimate carnivore diet for women,influencer,"['high', 'fat', 'carnivore', 'diet', 'go', 'gallbladder', 'im', 'stuck']",8
rmx6kXSkujo,Doctor Fact-Checks Grandma’s Medical Advice,Doctor Mike,9919018,222931,I can tell you hate him,@Exrseven.,@GGISALIEN,0,2025-10-31T15:28:57Z,i can tell you hate him,doctor factchecks grandmas medical advice,doctor,"['tell', 'hate']",2
Ya_trIAWIXA,Real Doctor Reacts to THE GOOD DOCTOR | Medical Drama Review | Doctor Mike,Doctor Mike,43893697,1099695,Did that nigga just fucked up,@ClinisBravo,,0,2026-04-18T12:34:13Z,did that nigga just fucked up,real doctor reacts to the good doctor medical drama review doctor mike,doctor,"['nigga', 'fucked']",2
KTlf9OASKjk,TikTok &quot;Health&quot; Products You Should NEVER Buy,Doctor Mike,6496832,142685,Isn't a coffee enema dangerous because the membrane of the intestine is good at absorbing fast? Like....I want to know if it's like drinking the coffee....,@tamarahalaa,,0,2025-07-29T19:29:42Z,isnt a coffee enema dangerous because the membrane of the intestine is good at absorbing fast likei want to know if its like drinking the coffee,tiktok quothealthquot products you should never buy,both,"['isnt', 'coffee', 'enema', 'dangerous', 'membrane', 'intestine', 'good', 'absorbing', 'fast', 'likei', 'want', 'drinking', 'coffee']",13
IVGQLxCjudM,Gallbladder Flush - The true science behind the myth,Doctor Klaper,239163,5622,Modern doctors offer no alternatives than removing the gallbladder.,@ProudAmericanEngr,,0,2025-07-31T18:06:42Z,modern doctors offer no alternatives than removing the gallbladder,gallbladder flush the true science behind the myth,doctor,"['modern', 'offer', 'alternatives', 'removing', 'gallbladder']",5
DhlRgwdDc-E,Debunking the myths of OCD - Natascha M. Santos,TED-Ed,12376188,210988,​@TIKTOKSECURITY-q3dWell man that's crazy mad experience to imagine for someone who's unaffected by it. Hope others who are suffering from it get out of it too... Well fella you have a long way to go... So dw if you had 7 miserable years... Never let down yourself make peace with what you have and for future. You believed in yourself that's why you got out of it... Ik you're a tough kid fs... God bless you,@Lucius-wfu,@TIKTOKSECURITY-q3d,0,2026-03-31T14:23:19Z,tiktoksecurityqdwell man thats crazy mad experience to imagine for someone whos unaffected by it hope others who are suffering from it get out of it too well fella you have a long way to go so dw if you had miserable years never let down yourself make peace with what you have and for future you believed in yourself thats why you got out of it ik youre a tough kid fs god bless you,debunking the myths of ocd natascha m santos,doctor,"['tiktoksecurityqdwell', 'man', 'thats', 'crazy', 'mad', 'experience', 'imagine', 'someone', 'whos', 'unaffected', 'hope', 'others', 'suffering', 'well', 'fella', 'long', 'way', 'go', 'dw', 'miserable', 'years', 'never', 'let', 'make', 'peace', 'future', 'believed', 'thats', 'ik', 'youre', 'tough', 'kid', 'fs', 'god', 'bless']",35
FrbiPlT-rJU,TikToks Only A Doctor Can Explain,Doctor Mike,19330238,303619,10:30 bro I WAS JUST EATING BUTTERED BREAD,@GirEatsAll,,0,2026-01-11T19:54:46Z,bro i was just eating buttered bread,tiktoks only a doctor can explain,both,"['bro', 'eating', 'buttered', 'bread']",4
c9HAqDyXVqg,Doctor Reacts To Hilarious South Park Medical Scenes,Doctor Mike,13675497,327932,"hey! sorry for the question, but are you russian? I think i know it by your name. Im russian too",@sans-g2c,,1,2026-02-03T17:05:00Z,hey sorry for the question but are you russian i think i know it by your name im russian too,doctor reacts to hilarious south park medical scenes,doctor,"['hey', 'sorry', 'question', 'russian', 'name', 'im', 'russian']",7
5LLl4neKRgk,Doctor Reacts To Rough Soccer Injuries,Doctor Mike,10880256,151475,THE THUMBNAIL MADE MY EYE BURN–,@Avi_Leo,,0,2025-11-10T15:31:24Z,the thumbnail made my eye burn,doctor reacts to rough soccer injuries,doctor,"['thumbnail', 'made', 'eye', 'burn']",4
5LLl4neKRgk,Doctor Reacts To Rough Soccer Injuries,Doctor Mike,10880256,151475,It not called soccer,@blessingodiba5230,,0,2025-10-02T17:48:04Z,it not called soccer,doctor reacts to rough soccer injuries,doctor,"['called', 'soccer']",2
L7dDuY5wGwE,Unhinged Wellness Influencers,Annamarie Forcino,273497,18455,6:17 🧐 cooking it makes everything breaks down but cooking it also makes it harder to break down….mhm. Gonna need further explanation on that one 🥴,@whitneymouse,,1,2025-03-07T04:34:00Z,cooking it makes everything breaks down but cooking it also makes it harder to break downmhm gonna need further explanation on that one,unhinged wellness influencers,influencer,"['cooking', 'makes', 'everything', 'breaks', 'cooking', 'makes', 'harder', 'break', 'downmhm', 'gonna', 'need', 'explanation']",12
WPIZdNqRVY4,I tried the Carnivore Diet for a week...,Will Tennyson,3073416,83599,5 years ago?? I struck gold 💪🏾,@tyreselynn81,,0,2025-11-16T02:26:55Z,years ago i struck gold,i tried the carnivore diet for a week,influencer,"['years', 'ago', 'struck', 'gold']",4
RjBpLeBzkng,Debunking HPV Myths,CBS News,656785,3958,"Living with High Risk HPV was the end of life for me, all thanks to DR ALAHO OLU on YouTube Channel that cured me.",@angelaneal7154,,0,2024-04-30T04:55:49Z,living with high risk hpv was the end of life for me all thanks to dr alaho olu on youtube channel that cured me,debunking hpv myths,doctor,"['living', 'high', 'risk', 'hpv', 'end', 'life', 'thanks', 'dr', 'alaho', 'olu', 'cured']",11
PTHPxaql_Ws,Doctor Reacts To Home Alone Injuries,Doctor Mike,14038428,332523,1:49 also he won’t make kids ever again,@Helpme134-g3c,,0,2025-12-26T05:00:42Z,also he wont make kids ever again,doctor reacts to home alone injuries,doctor,"['wont', 'make', 'kids', 'ever']",4
WPIZdNqRVY4,I tried the Carnivore Diet for a week...,Will Tennyson,3073416,83599,2025 December and attempting this now 👍,@kevinjaskiewicz7982,,1,2025-12-04T21:45:05Z,december and attempting this now,i tried the carnivore diet for a week,influencer,"['december', 'attempting']",2
_dQRK-q8u98,Has This Famous Carnivore Influencer Been Lying? - Doctor Reacts,Dr. Eric Westman - Adapt Your Life,417035,17844,Speaking of pooping I got to get more toilet paper in my bathrooms.  Just noticed the supply is low.,@davidkellymitchell4747,,0,2025-11-23T06:50:01Z,speaking of pooping i got to get more toilet paper in my bathrooms just noticed the supply is low,has this famous carnivore influencer been lying doctor reacts,doctor,"['speaking', 'pooping', 'toilet', 'paper', 'bathrooms', 'noticed', 'supply', 'low']",8
Sxzj0skUDg8,Doctor Reacts To DRAMATIC Lifeguard Rescues,Doctor Mike,30044375,362874,this was 3 years ago,@vausnik,@Glue_sniffer-132,1,2025-12-24T05:14:24Z,this was years ago,doctor reacts to dramatic lifeguard rescues,doctor,"['years', 'ago']",2
eGPLf4TZv0g,Doctor Reacts To Bizarre Health &quot;Hack&quot; Videos,Doctor Mike,12940800,299646,Ah yes. Placebo techniques,@Chaserider59-k9p,,0,2026-01-29T18:15:57Z,ah yes placebo techniques,doctor reacts to bizarre health quothackquot videos,doctor,"['ah', 'yes', 'placebo', 'techniques']",4
In72p1zRwIY,Doctor Reacts To The Worst TikTok Medical Advice,Doctor Mike,17318241,446296,Oh yeaaahh,@kuroart86,@Trustmehorrorallyear,0,2025-07-27T05:10:08Z,oh yeaaahh,doctor reacts to the worst tiktok medical advice,doctor,"['oh', 'yeaaahh']",2
BLK6dV76XTQ,TikToks Your Doctor Warned You About,Doctor Mike,16410206,230437,"Person in Tik Tok: This is very very safe with no side effects.
Dr Mike: BECAUSE IT DOESN'T WORK!!!!!
Me while watching the video: 😂",@ZomBoss20209,,0,2025-12-27T19:48:14Z,person in tik tok this is very very safe with no side effects dr mike because it doesnt work me while watching the video,tiktoks your doctor warned you about,both,"['person', 'tik', 'tok', 'safe', 'side', 'effects', 'dr', 'mike', 'doesnt', 'work', 'watching']",11
lV0pyzOQ3bs,ER Doctor REACTS to Wildest Far Cry Healing Animations,Doctor ER,16702877,346486,"0:47 u use a water bucket

The bucket:",@tumor-blaids,,0,2026-02-16T04:54:58Z,u use a water bucket the bucket,er doctor reacts to wildest far cry healing animations,doctor,"['u', 'use', 'water', 'bucket', 'bucket']",5
_Alg1tjXiIs,Unhinged Wellness Influencers.. Insane Health advice!,Isabella Lanter,193321,7684,"My mom does the carnivore diet and it actually helped reverse some serious issues she was having with her body. Definitely not for everyone but I'm a huge fan of telling people to try stuff out and see what works for them. I'm on keto. I have super high inflammation so lowering my carb intake is best for me. My best friend is on a more natural diet, eating less processed foods etc. Do your research and find what's best for you",@Undidiridium_,,1,2024-10-22T00:14:14Z,my mom does the carnivore diet and it actually helped reverse some serious issues she was having with her body definitely not for everyone but im a huge fan of telling people to try stuff out and see what works for them im on keto i have super high inflammation so lowering my carb intake is best for me my best friend is on a more natural diet eating less processed foods etc do your research and find whats best for you,unhinged wellness influencers insane health advice,influencer,"['mom', 'carnivore', 'diet', 'helped', 'reverse', 'serious', 'issues', 'body', 'definitely', 'everyone', 'im', 'huge', 'fan', 'telling', 'try', 'stuff', 'see', 'works', 'im', 'keto', 'super', 'high', 'inflammation', 'lowering', 'carb', 'intake', 'best', 'best', 'friend', 'natural', 'diet', 'eating', 'less', 'processed', 'foods', 'etc', 'research', 'find', 'whats', 'best']",40
-s3rXAcna3o,Nitesh Soni Exposed | Reality of Fitness Influencers | Dt.Bhawesh | #diettubeindia #roast #shorts,DietTube India,2209968,106426,Madar chod maap ma rehje a taro baap che,@nityashah1821,,0,2026-04-27T03:05:22Z,madar chod maap ma rehje a taro baap che,nitesh soni exposed reality of fitness influencers dtbhawesh diettubeindia roast shorts,influencer,"['madar', 'chod', 'maap', 'rehje', 'taro', 'baap', 'che']",7
NY4W7PY3OBY,Doctor Reacts to HILARIOUS TikToks,Doctor Mike,13628710,354175,Actually it's older than House. A lot older. I wouldn't be surprised if my grandfather knew that joke. But it's funny so who cares.,@ProgrammingWithKeith,@Belormoroth,0,2026-05-01T14:35:57Z,actually its older than house a lot older i wouldnt be surprised if my grandfather knew that joke but its funny so who cares,doctor reacts to hilarious tiktoks,doctor,"['older', 'house', 'lot', 'older', 'wouldnt', 'surprised', 'grandfather', 'knew', 'joke', 'funny', 'cares']",11
5HYlXUbnAJY,Doctor Reacts to The Most Dangerous MrBeast Stunts,Doctor Mike,16516750,389961,Wdym he's right,@Bruh-mn5vz,@answersfromscriptureonline,3,2025-01-21T15:25:30Z,wdym hes right,doctor reacts to the most dangerous mrbeast stunts,doctor,"['wdym', 'hes', 'right']",3
gKvlB-n59og,NUTRITION TRUTHS That Wellness Influencers ❌ DON&#39;T ❌ Want You to Know,Abbey Sharp,217965,8778,"She's ""shitting"" on misinformation & the scammers who push the misinformation. Don't you want facts instead of baseless conspiracies? 🙄",@GrapeCheez2,@Mymushiesbby,1,2024-10-30T20:42:38Z,shes shitting on misinformation the scammers who push the misinformation dont you want facts instead of baseless conspiracies,nutrition truths that wellness influencers dont want you to know,influencer,"['shes', 'shitting', 'misinformation', 'scammers', 'push', 'misinformation', 'dont', 'want', 'facts', 'instead', 'baseless', 'conspiracies']",12
-s3rXAcna3o,Nitesh Soni Exposed | Reality of Fitness Influencers | Dt.Bhawesh | #diettubeindia #roast #shorts,DietTube India,2209968,106426,Good man🎉,@SanneeKumarPtale,,0,2026-05-17T14:21:00Z,good man,nitesh soni exposed reality of fitness influencers dtbhawesh diettubeindia roast shorts,influencer,"['good', 'man']",2
5LLl4neKRgk,Doctor Reacts To Rough Soccer Injuries,Doctor Mike,10880256,151475,Weird piercings detected. Opinion rejected.,@solitudeguardswood,@schuii6195,0,2026-01-27T23:31:17Z,weird piercings detected opinion rejected,doctor reacts to rough soccer injuries,doctor,"['weird', 'piercings', 'detected', 'opinion', 'rejected']",5
eGPLf4TZv0g,Doctor Reacts To Bizarre Health &quot;Hack&quot; Videos,Doctor Mike,12940800,299646,Dr Mike receives over a million dollars from Abbott Labs who makes flu vaccines and tests. Can you say conflict of interest you Dum Dums❤,@EsotericGold1,,1,2026-03-09T01:04:50Z,dr mike receives over a million dollars from abbott labs who makes flu vaccines and tests can you say conflict of interest you dum dums,doctor reacts to bizarre health quothackquot videos,doctor,"['dr', 'mike', 'receives', 'million', 'dollars', 'abbott', 'labs', 'makes', 'flu', 'vaccines', 'tests', 'conflict', 'interest', 'dum', 'dums']",15
c9HAqDyXVqg,Doctor Reacts To Hilarious South Park Medical Scenes,Doctor Mike,13675497,327932,"That last one, what would be the punishment for that obviously getting fired and forgery and possible medical fraud I think what would that be? Just getting fired or you reckon whoever does that would be getting prison as well",@SStealthbomb,,0,2025-10-26T20:07:13Z,that last one what would be the punishment for that obviously getting fired and forgery and possible medical fraud i think what would that be just getting fired or you reckon whoever does that would be getting prison as well,doctor reacts to hilarious south park medical scenes,doctor,"['last', 'punishment', 'obviously', 'getting', 'fired', 'forgery', 'possible', 'medical', 'fraud', 'getting', 'fired', 'reckon', 'whoever', 'getting', 'prison', 'well']",16
P-6q1PXEH-g,The Worst TikTok Carnivore Yet,AugustTheDuck,1737670,52554,Going against the experts is bad? Like the American Diabetes association telling you to eat carbs? Lol,@realchurch2693,,2,2025-09-01T14:13:07Z,going against the experts is bad like the american diabetes association telling you to eat carbs lol,the worst tiktok carnivore yet,influencer,"['experts', 'bad', 'american', 'diabetes', 'association', 'telling', 'eat', 'carbs', 'lol']",9
h7PkIxS9Skg,Woman on Carnivore Diet | Kendahl Landreth,Kendahl Landreth,814593,42426,"It really scares me that people are dumb enough to do this diet. I was really freaked out when I found out my boss, and her husband were one of them and a bunch of people in the office were like agreeing with how well this diet worked and I am vegan after watching the documentary on Netflix you are what you eat lol so I felt like I couldn’t comprehend, and I still can’t comprehend what people don’t understand about how bad it is to only eat meat all the time",@Empressco,,0,2025-07-12T14:34:38Z,it really scares me that people are dumb enough to do this diet i was really freaked out when i found out my boss and her husband were one of them and a bunch of people in the office were like agreeing with how well this diet worked and i am vegan after watching the documentary on netflix you are what you eat lol so i felt like i couldnt comprehend and i still cant comprehend what people dont understand about how bad it is to only eat meat all the time,woman on carnivore diet kendahl landreth,influencer,"['scares', 'dumb', 'enough', 'diet', 'freaked', 'found', 'boss', 'husband', 'bunch', 'office', 'agreeing', 'well', 'diet', 'worked', 'vegan', 'watching', 'documentary', 'netflix', 'eat', 'lol', 'felt', 'couldnt', 'comprehend', 'cant', 'comprehend', 'dont', 'understand', 'bad', 'eat', 'meat', 'time']",31
kEODwPMftHA,Doctors React To Horrifying Old Medical Devices,Doctor Mike,12738464,266633,I love when you do collabs and spread other folks' info. It's cool that you want other people to succeed.,@xLxAcex,,0,2026-03-26T00:20:39Z,i love when you do collabs and spread other folks info its cool that you want other people to succeed,doctors react to horrifying old medical devices,doctor,"['love', 'collabs', 'spread', 'folks', 'info', 'cool', 'want', 'succeed']",8
e4uIyFLUxyw,Doctor Reacts To Ridiculous 5-Minute Crafts Videos,Doctor Mike,23671197,453411,Do silicone treatments work for stretch marks? Since they help with regular scarring,@isaeto,,0,2026-04-25T13:00:14Z,do silicone treatments work for stretch marks since they help with regular scarring,doctor reacts to ridiculous minute crafts videos,doctor,"['silicone', 'treatments', 'work', 'stretch', 'marks', 'since', 'help', 'regular', 'scarring']",9
zBC68iQjH-k,Doctor Reacts To Cringey Dhar Mann Videos,Doctor Mike,16271610,319001,he sometimes sounds like socksfor1,@PouManOne,,0,2026-03-25T19:43:33Z,he sometimes sounds like socksfor,doctor reacts to cringey dhar mann videos,doctor,"['sometimes', 'sounds', 'socksfor']",3
gj4RJHq52Bk,“Influencers” don’t understand “raw milk”,Kyle Hill,491662,36880,"Cow's milk in general is not incredibly healthy to drink in general, let alone raw, unpasteurized milk.",@austinradtke2896,,0,2025-08-26T17:22:12Z,cows milk in general is not incredibly healthy to drink in general let alone raw unpasteurized milk,influencers dont understand raw milk,influencer,"['cows', 'milk', 'general', 'incredibly', 'healthy', 'drink', 'general', 'let', 'alone', 'raw', 'unpasteurized', 'milk']",12
nOgg-_vav_8,"Food Theory: Liver King, The RAW Truth! (Carnivore Diet)",The Food Theorists,5965267,161185,"12:34 super random, but as a local that lives within 10min of it, why have angel oak there as a background?",@Danimal843,,5,2025-02-28T22:41:48Z,super random but as a local that lives within min of it why have angel oak there as a background,food theory liver king the raw truth carnivore diet,influencer,"['super', 'random', 'local', 'lives', 'within', 'min', 'angel', 'oak', 'background']",9
P-6q1PXEH-g,The Worst TikTok Carnivore Yet,AugustTheDuck,1737670,52554,​@Denepwe  I'm js saying. She told me that it was disproven and I trust her. 🤷‍♀️,@HandleTakenYA,@HandleTakenYA,1,2025-08-20T01:43:02Z,denepwe im js saying she told me that it was disproven and i trust her,the worst tiktok carnivore yet,influencer,"['denepwe', 'im', 'js', 'saying', 'told', 'disproven', 'trust']",7
kbInpn6QWNw,‘SkinnyTok’ Influencers Have Taken Over Health and Wellness Culture—and It’s More TOXIC Than Ever,Susannah Friesen,189711,6372,Is magic mind a mlm?,@farie2219,,0,2025-07-30T20:58:53Z,is magic mind a mlm,skinnytok influencers have taken over health and wellness cultureand its more toxic than ever,influencer,"['magic', 'mind', 'mlm']",3
gKvlB-n59og,NUTRITION TRUTHS That Wellness Influencers ❌ DON&#39;T ❌ Want You to Know,Abbey Sharp,217965,8778,The dosage makes the poison,@GrapeCheez2,@vduback,0,2024-10-30T20:42:59Z,the dosage makes the poison,nutrition truths that wellness influencers dont want you to know,influencer,"['dosage', 'makes', 'poison']",3
I_DJ1ney6Kk,Un médecin débunke vos influenceurs préférés !,Charles.co,103059,4232,😂 c'est encore plus accentué avec ses nouveaux effets 😅,@fabiz1379,@toriakanohi,2,2026-02-27T18:19:53Z,cest encore plus accentu avec ses nouveaux effets,un mdecin dbunke vos influenceurs prfrs,both,"['cest', 'encore', 'plus', 'accentu', 'avec', 'ses', 'nouveaux', 'effets']",8
I_DJ1ney6Kk,Un médecin débunke vos influenceurs préférés !,Charles.co,103059,4232,"Sauf que y en a pas en fait de différence. C'est juste deux termes qui signifient la même chose : ""qui favorise l'apparition de cancers"". C'est juste que cancérigène serait plus ancien.",@alyssablunt7014,@yolunik,0,2026-03-01T19:40:37Z,sauf que y en a pas en fait de diffrence cest juste deux termes qui signifient la mme chose qui favorise lapparition de cancers cest juste que cancrigne serait plus ancien,un mdecin dbunke vos influenceurs prfrs,both,"['sauf', 'que', 'en', 'pas', 'en', 'fait', 'de', 'diffrence', 'cest', 'juste', 'deux', 'termes', 'qui', 'signifient', 'la', 'mme', 'chose', 'qui', 'favorise', 'lapparition', 'de', 'cancers', 'cest', 'juste', 'que', 'cancrigne', 'serait', 'plus', 'ancien']",29
DhlRgwdDc-E,Debunking the myths of OCD - Natascha M. Santos,TED-Ed,12376188,210988,praning,@witsec1517,,0,2025-10-03T12:41:29Z,praning,debunking the myths of ocd natascha m santos,doctor,['praning'],1
7UHD0aTFNkA,TikTok Carnivores Are Insane,AugustTheDuck,2031913,58993,7:29  i think the cheese is another way to get protiens you cant  get with butter and meat,@WhatShouldIputHere-g1x,,0,2025-07-15T04:37:17Z,i think the cheese is another way to get protiens you cant get with butter and meat,tiktok carnivores are insane,influencer,"['cheese', 'another', 'way', 'protiens', 'cant', 'butter', 'meat']",7
q8FuCE2kWHo,Dieta Carnívora: A Verdade Científica que os Influencers Escondem,Endócrino e talks com Dr. Carlos Seraphim,37399,4157,"a barriga do doutor provavelmente mostra que ele mesmo nao segue o que prescreve ou diz, ou o que segue nao serve.",@benfeitor,,0,2025-12-18T18:29:44Z,a barriga do doutor provavelmente mostra que ele mesmo nao segue o que prescreve ou diz ou o que segue nao serve,dieta carnvora a verdade cientfica que os influencers escondem,both,"['barriga', 'doutor', 'provavelmente', 'mostra', 'que', 'ele', 'mesmo', 'nao', 'segue', 'que', 'prescreve', 'ou', 'diz', 'ou', 'que', 'segue', 'nao', 'serve']",18
WPIZdNqRVY4,I tried the Carnivore Diet for a week...,Will Tennyson,3073416,83599,Can you have lite cottage cheese,@FrancisMackinnon-j3w2z,,0,2026-02-01T23:45:07Z,can you have lite cottage cheese,i tried the carnivore diet for a week,influencer,"['lite', 'cottage', 'cheese']",3
ep8ZMq3GLNA,Doctor Fact-Checks TikTok Nutrition Advice,Doctor Mike,14267243,293888,"2:02 Actually cougar, puma, panther, mountain lion, and catamount all refer to Puma concolor which is what that cutie is! They are not, however, a lynx",@tigerlily7877,,0,2025-06-21T03:58:55Z,actually cougar puma panther mountain lion and catamount all refer to puma concolor which is what that cutie is they are not however a lynx,doctor factchecks tiktok nutrition advice,doctor,"['cougar', 'puma', 'panther', 'mountain', 'lion', 'catamount', 'refer', 'puma', 'concolor', 'cutie', 'however', 'lynx']",12
RWAKbg_CF_E,How “Health Gurus” Trick You ft Gary Brecka,Doctor Mike,1349877,50563,Thank you!!,@gailstacy1340,,0,2025-07-11T16:35:07Z,thank you,how health gurus trick you ft gary brecka,both,['thank'],1
I_DJ1ney6Kk,Un médecin débunke vos influenceurs préférés !,Charles.co,103059,4232,"Bah Dylan a bien dit Cancerigeuse, c'est peut-être un nouveau type de cellules 😭😭😭😭",@Rdidi13,,1,2026-03-05T00:26:23Z,bah dylan a bien dit cancerigeuse cest peuttre un nouveau type de cellules,un mdecin dbunke vos influenceurs prfrs,both,"['bah', 'dylan', 'bien', 'dit', 'cancerigeuse', 'cest', 'peuttre', 'un', 'nouveau', 'type', 'de', 'cellules']",12
S718YtbwrzY,Doctor Blocks Me For Correcting Him,Doctor Mike,10693953,319021,I literally HATE when people pull what someone said out of context just to make them seem way worse of a person than they are. I hope anyone who supported that guy saw this video.,@Breadlover0212,,0,2025-12-31T05:13:08Z,i literally hate when people pull what someone said out of context just to make them seem way worse of a person than they are i hope anyone who supported that guy saw this video,doctor blocks me for correcting him,doctor,"['literally', 'hate', 'pull', 'someone', 'context', 'make', 'seem', 'way', 'worse', 'person', 'hope', 'anyone', 'supported', 'guy', 'saw']",15
1l77HA1ta-k,Doctor Reacts To The Wildest TikToks,Doctor Mike,13834039,330801,Yo what's up Dr mike,@andrewrvg6555,@DoctorMike,8,2021-12-02T07:52:16Z,yo whats up dr mike,doctor reacts to the wildest tiktoks,doctor,"['yo', 'whats', 'dr', 'mike']",4
BLK6dV76XTQ,TikToks Your Doctor Warned You About,Doctor Mike,16410206,230437,It goes down zero😂,@SignalSluggers,,0,2026-05-22T01:33:31Z,it goes down zero,tiktoks your doctor warned you about,both,"['goes', 'zero']",2
P-6q1PXEH-g,The Worst TikTok Carnivore Yet,AugustTheDuck,1737670,52554,@Steethanevidence?,@77xmng,@77xmng,0,2026-04-10T15:33:09Z,steethanevidence,the worst tiktok carnivore yet,influencer,['steethanevidence'],1
PTHPxaql_Ws,Doctor Reacts To Home Alone Injuries,Doctor Mike,14038428,332523,"That's why I've always said to myself, clasp your hands behind your head if you can. If you can't put your elbow straight to the side in that position without strain, they are hingy enough to act as an opposite inertial force/absorber. Granted you have milliseconds to react and your first instinct will be to break your fall with your hands and arms. We all know how that can turn out, so to protect your head, you need that deterrent of the impact. I would rather dislocate my shoulder which is easily fixable, then bash my head again. I would rather dislocate my shoulder then to break a wrist or elbow. My neck is already so messed up that the scoliosis pain I've always felt before is in excruciating pain.(For the last 4 years). Ever since, everything from the bottom of my neck to the middle of my back are paralyzed with pain, and my shoulders to my forearms to my fingertips and entire back go numb and burn and feel sore. 
I don't need no prognosis... 
The concensus is, protect your head and neck.",@shawn8674,,0,2026-02-15T17:33:43Z,thats why ive always said to myself clasp your hands behind your head if you can if you cant put your elbow straight to the side in that position without strain they are hingy enough to act as an opposite inertial forceabsorber granted you have milliseconds to react and your first instinct will be to break your fall with your hands and arms we all know how that can turn out so to protect your head you need that deterrent of the impact i would rather dislocate my shoulder which is easily fixable then bash my head again i would rather dislocate my shoulder then to break a wrist or elbow my neck is already so messed up that the scoliosis pain ive always felt before is in excruciating painfor the last years ever since everything from the bottom of my neck to the middle of my back are paralyzed with pain and my shoulders to my forearms to my fingertips and entire back go numb and burn and feel sore i dont need no prognosis the concensus is protect your head and neck,doctor reacts to home alone injuries,doctor,"['thats', 'ive', 'always', 'clasp', 'hands', 'behind', 'head', 'cant', 'put', 'elbow', 'straight', 'side', 'position', 'without', 'strain', 'hingy', 'enough', 'act', 'opposite', 'inertial', 'forceabsorber', 'granted', 'milliseconds', 'react', 'first', 'instinct', 'break', 'fall', 'hands', 'arms', 'turn', 'protect', 'head', 'need', 'deterrent', 'impact', 'rather', 'dislocate', 'shoulder', 'easily', 'fixable', 'bash', 'head', 'rather', 'dislocate', 'shoulder', 'break', 'wrist', 'elbow', 'neck', 'already', 'messed', 'scoliosis', 'pain', 'ive', 'always', 'felt', 'excruciating', 'painfor', 'last', 'years', 'ever', 'since', 'everything', 'bottom', 'neck', 'middle', 'back', 'paralyzed', 'pain', 'shoulders', 'forearms', 'fingertips', 'entire', 'back', 'go', 'numb', 'burn', 'feel', 'sore', 'dont', 'need', 'prognosis', 'concensus', 'protect', 'head', 'neck']",87
5LLl4neKRgk,Doctor Reacts To Rough Soccer Injuries,Doctor Mike,10880256,151475,0:59 this is why neymar gets injured easier than other btw,@Benjabenja1313,,0,2026-04-24T20:41:29Z,this is why neymar gets injured easier than other btw,doctor reacts to rough soccer injuries,doctor,"['neymar', 'gets', 'injured', 'easier', 'btw']",5
J06pEhqOmx0,Doctor reacts to super satisfying pimple pops! #dermreacts #doctorreacts #pimplepop #cystpop,208SkinDoc,13527239,23935,"It’s just sebum left behind. Your pores are connected to sebaceous glands, which create oil and sebum to protect and moisturize the skin. It’s normal and necessary.",@polythenespam3933,@beverlystufflebeam5731,0,2026-03-04T17:09:49Z,its just sebum left behind your pores are connected to sebaceous glands which create oil and sebum to protect and moisturize the skin its normal and necessary,doctor reacts to super satisfying pimple pops dermreacts doctorreacts pimplepop cystpop,doctor,"['sebum', 'left', 'behind', 'pores', 'connected', 'sebaceous', 'glands', 'create', 'oil', 'sebum', 'protect', 'moisturize', 'skin', 'normal', 'necessary']",15
kbInpn6QWNw,‘SkinnyTok’ Influencers Have Taken Over Health and Wellness Culture—and It’s More TOXIC Than Ever,Susannah Friesen,189711,6372,"I have issues with my gut, I went to nutritionist and was recommended to eat protein with greens in the morning (speaking of a dinosaur trend lol I’ve been eating like this for years now)
Eat 1 hour after I wake up 
Walk and have sun exposure in the morning 
Have coffee after 1,5 hours after I wake up
And eat every 3 hours, and don’t eat 3 hours prior the sleep 

Works great for me",@curlyvassa,,0,2025-08-03T14:59:06Z,i have issues with my gut i went to nutritionist and was recommended to eat protein with greens in the morning speaking of a dinosaur trend lol ive been eating like this for years now eat hour after i wake up walk and have sun exposure in the morning have coffee after hours after i wake up and eat every hours and dont eat hours prior the sleep works great for me,skinnytok influencers have taken over health and wellness cultureand its more toxic than ever,influencer,"['issues', 'gut', 'went', 'nutritionist', 'recommended', 'eat', 'protein', 'greens', 'morning', 'speaking', 'dinosaur', 'trend', 'lol', 'ive', 'eating', 'years', 'eat', 'hour', 'wake', 'walk', 'sun', 'exposure', 'morning', 'coffee', 'hours', 'wake', 'eat', 'every', 'hours', 'dont', 'eat', 'hours', 'prior', 'sleep', 'works', 'great']",36
DhlRgwdDc-E,Debunking the myths of OCD - Natascha M. Santos,TED-Ed,12376188,210988,"Great job! I made a rule for mine, I work with horses, and when you’re with horses, if you always listen to your OCD you could genuinely get VERY hurt, so I made a OCD rule, and that was absolutely no OCD at the barn, and it helped, and then I started trying that out of the barn too",@Norma-animallover,@vij-y2o,1,2026-01-15T02:48:46Z,great job i made a rule for mine i work with horses and when youre with horses if you always listen to your ocd you could genuinely get very hurt so i made a ocd rule and that was absolutely no ocd at the barn and it helped and then i started trying that out of the barn too,debunking the myths of ocd natascha m santos,doctor,"['great', 'job', 'made', 'rule', 'mine', 'work', 'horses', 'youre', 'horses', 'always', 'listen', 'ocd', 'genuinely', 'hurt', 'made', 'ocd', 'rule', 'absolutely', 'ocd', 'barn', 'helped', 'started', 'trying', 'barn']",24
gKvlB-n59og,NUTRITION TRUTHS That Wellness Influencers ❌ DON&#39;T ❌ Want You to Know,Abbey Sharp,217965,8778,Also glyphosate is said to be safe because it only attacks a specific protein pathway that isn’t found in humans but it WILL kill all the fauna in your gut that helps you live,@GrannyGrace,@GrannyGrace,0,2023-12-04T17:23:46Z,also glyphosate is said to be safe because it only attacks a specific protein pathway that isnt found in humans but it will kill all the fauna in your gut that helps you live,nutrition truths that wellness influencers dont want you to know,influencer,"['glyphosate', 'safe', 'attacks', 'specific', 'protein', 'pathway', 'isnt', 'found', 'humans', 'kill', 'fauna', 'gut', 'helps', 'live']",14
5HYlXUbnAJY,Doctor Reacts to The Most Dangerous MrBeast Stunts,Doctor Mike,16516750,389961,5:54  my mom has 1 and a half lung 🫁,@adiminn4,,0,2025-12-26T13:43:27Z,my mom has and a half lung,doctor reacts to the most dangerous mrbeast stunts,doctor,"['mom', 'half', 'lung']",3
JslBDMGC9Xw,Real Doctor Reacts to DOC MCSTUFFINS,Doctor Mike,12973459,389433,That stuff is a dragon don’t you see his wings?,@liliavatarworldlover,,0,2026-04-14T03:08:38Z,that stuff is a dragon dont you see his wings,real doctor reacts to doc mcstuffins,doctor,"['stuff', 'dragon', 'dont', 'see', 'wings']",5
kFSflqB-Fzs,Dr. Berg Goes Carnivore for 2 Weeks,Dr. Eric Berg DC,1635884,47841,@boatdoctors  why?,@peter-robinson,@Drberg,0,2026-05-03T02:50:11Z,boatdoctors why,dr berg goes carnivore for weeks,both,['boatdoctors'],1
iRCrg2EGfnU,I DESTROYED These “Doctors” Who Tried to Debunk the Carnivore Diet,FaceIQ,51541,1484,"Negative cantha- 
*Proceeds to get shot*",@VALCHEM9,,24,2025-10-08T09:55:21Z,negative cantha proceeds to get shot,i destroyed these doctors who tried to debunk the carnivore diet,doctor,"['negative', 'cantha', 'proceeds', 'shot']",4
kFSflqB-Fzs,Dr. Berg Goes Carnivore for 2 Weeks,Dr. Eric Berg DC,1635884,47841,more than likely yes I would try more lion diet and avoid bacon at first for a little while.,@parkers_path,@shaikhomaranuar6429,0,2025-11-03T15:39:11Z,more than likely yes i would try more lion diet and avoid bacon at first for a little while,dr berg goes carnivore for weeks,both,"['likely', 'yes', 'try', 'lion', 'diet', 'avoid', 'bacon', 'first', 'little']",9
_dQRK-q8u98,Has This Famous Carnivore Influencer Been Lying? - Doctor Reacts,Dr. Eric Westman - Adapt Your Life,417035,17844,Remember the good ole days when we spoke like adults and said “bowel movement?”,@aguy559,,0,2025-12-09T23:46:37Z,remember the good ole days when we spoke like adults and said bowel movement,has this famous carnivore influencer been lying doctor reacts,doctor,"['remember', 'good', 'ole', 'days', 'spoke', 'adults', 'bowel', 'movement']",8
8dY_VDan7pw,Why I Quit Carnivore,Lillie Kane,520826,23260,8:05 😂 i'll be more carnivore😂,@ravi0maan,,0,2025-11-21T13:30:36Z,ill be more carnivore,why i quit carnivore,influencer,"['ill', 'carnivore']",2
URN9G4Pljzk,STOP LISTENING TO WELLNESS INFLUENCERS OR AFFILIATE MARKETERS for medical advice. Pharmacist Reviews,"Dr. Ethan Melillo, PharmD",255517,15384,It’s embarrassing how many people can’t tell a real medical professional from a fraudster. We are just a nation FULL of fuckin idiots at this point. Idiots desperate enough to swindle others to pay their bills. Shameful.,@86KIP,,0,2026-01-11T19:47:29Z,its embarrassing how many people cant tell a real medical professional from a fraudster we are just a nation full of fuckin idiots at this point idiots desperate enough to swindle others to pay their bills shameful,stop listening to wellness influencers or affiliate marketers for medical advice pharmacist reviews,both,"['embarrassing', 'many', 'cant', 'tell', 'real', 'medical', 'professional', 'fraudster', 'nation', 'full', 'fuckin', 'idiots', 'point', 'idiots', 'desperate', 'enough', 'swindle', 'others', 'pay', 'bills', 'shameful']",21
s9Xf1qtdAJw,Carnivore Diet: 47 BEGINNER TIPS For Success,PJ Howland,613912,17651,Have you been going to peoples weddings eating multiple slices of cake? Savage lol,@WeThePeople205,,0,2025-01-16T02:01:33Z,have you been going to peoples weddings eating multiple slices of cake savage lol,carnivore diet beginner tips for success,influencer,"['peoples', 'weddings', 'eating', 'multiple', 'slices', 'cake', 'savage', 'lol']",8
BLK6dV76XTQ,TikToks Your Doctor Warned You About,Doctor Mike,16410206,230437,I don't listen to TikTok doctors...my balls are perfectly small...I already know I won't get the segs since my last time at 2007...,@KentrelZ,,0,2025-12-25T23:03:26Z,i dont listen to tiktok doctorsmy balls are perfectly smalli already know i wont get the segs since my last time at,tiktoks your doctor warned you about,both,"['dont', 'listen', 'doctorsmy', 'balls', 'perfectly', 'smalli', 'already', 'wont', 'segs', 'since', 'last', 'time']",12
kFSflqB-Fzs,Dr. Berg Goes Carnivore for 2 Weeks,Dr. Eric Berg DC,1635884,47841,is it true to get more parasite if you eat meat?,@its.clarizztv8919,,0,2026-01-06T19:13:36Z,is it true to get more parasite if you eat meat,dr berg goes carnivore for weeks,both,"['true', 'parasite', 'eat', 'meat']",4
syBrhLAgM64,Real Doctor Reacts To Painful WWE Injuries,Doctor Mike,31765363,293926,"5:22 if you look the ref is grabbing her hand, fun fact about WWE they check if the wrestler is able to keep going by grabbing their hand and if the wrestler squeezes the refs hand they are ok but if they dont they cant go longer",@jordanz7827,,0,2025-11-07T02:53:38Z,if you look the ref is grabbing her hand fun fact about wwe they check if the wrestler is able to keep going by grabbing their hand and if the wrestler squeezes the refs hand they are ok but if they dont they cant go longer,real doctor reacts to painful wwe injuries,doctor,"['look', 'ref', 'grabbing', 'hand', 'fun', 'fact', 'wwe', 'check', 'wrestler', 'able', 'keep', 'grabbing', 'hand', 'wrestler', 'squeezes', 'refs', 'hand', 'ok', 'dont', 'cant', 'go', 'longer']",22
ePOGpL-UlH8,TikTok Carnivores Are Getting Worse,AugustTheDuck,618275,26610,"i had an ex that broke up with me when we got in an argument over dieting, like not even about her just she was basically trying to say that people can just vibe and intuition what they eat based on how it makes them feel. and when i told her people most people don't know what they're doing and that the best way to lose weight is just the well-established advice she told me i was gaslighting her and that everyone has special needs and she got really mad lmao",@RosyT.Rascal,,1,2025-12-07T00:22:42Z,i had an ex that broke up with me when we got in an argument over dieting like not even about her just she was basically trying to say that people can just vibe and intuition what they eat based on how it makes them feel and when i told her people most people dont know what theyre doing and that the best way to lose weight is just the wellestablished advice she told me i was gaslighting her and that everyone has special needs and she got really mad lmao,tiktok carnivores are getting worse,influencer,"['ex', 'broke', 'argument', 'dieting', 'basically', 'trying', 'vibe', 'intuition', 'eat', 'based', 'makes', 'feel', 'told', 'dont', 'theyre', 'best', 'way', 'lose', 'weight', 'wellestablished', 'advice', 'told', 'gaslighting', 'everyone', 'special', 'needs', 'mad', 'lmao']",28
JslBDMGC9Xw,Real Doctor Reacts to DOC MCSTUFFINS,Doctor Mike,12973459,389433,Bru i dont remember her sounding like that😭😭,@daerie,,0,2025-10-28T04:14:33Z,bru i dont remember her sounding like that,real doctor reacts to doc mcstuffins,doctor,"['bru', 'dont', 'remember', 'sounding']",4
ePOGpL-UlH8,TikTok Carnivores Are Getting Worse,AugustTheDuck,618275,26610,Collateral damage lol.,@yangtse55,@Ballistic_Rice74,1,2025-01-25T07:37:40Z,collateral damage lol,tiktok carnivores are getting worse,influencer,"['collateral', 'damage', 'lol']",3
J91XCItqJbI,Doctor Reacts To Painful Medical Memes,Doctor Mike,14585739,321589,1:31 and I'm drinking milk rn lol,@ALIALI-p8t8v,,0,2025-10-21T08:52:17Z,and im drinking milk rn lol,doctor reacts to painful medical memes,doctor,"['im', 'drinking', 'milk', 'rn', 'lol']",5
e4uIyFLUxyw,Doctor Reacts To Ridiculous 5-Minute Crafts Videos,Doctor Mike,23671197,453411,What if she heated the pack up she did put it in the in a pan,@troypilgrim8032,,0,2026-02-02T18:49:19Z,what if she heated the pack up she did put it in the in a pan,doctor reacts to ridiculous minute crafts videos,doctor,"['heated', 'pack', 'put', 'pan']",4
2DVcs9kP97s,Scientist debunks: The worst skincare misinformation on TikTok,Lab Muffin Beauty Science,542411,26370,"I’m a Medical Aesthetician and I feel like a new brand called OneSkin with their OS-01 peptide must be a scam. Mostly because it seems too good to be true, and also because they claim that their studies show that retinol promotes aging. I don’t understand clinical trials like you do, but I would LOVE for you to evaluate their science.",@SingingAesthi,,0,2024-08-24T04:08:44Z,im a medical aesthetician and i feel like a new brand called oneskin with their os peptide must be a scam mostly because it seems too good to be true and also because they claim that their studies show that retinol promotes aging i dont understand clinical trials like you do but i would love for you to evaluate their science,scientist debunks the worst skincare misinformation on tiktok,doctor,"['im', 'medical', 'aesthetician', 'feel', 'new', 'brand', 'called', 'oneskin', 'os', 'peptide', 'must', 'scam', 'mostly', 'seems', 'good', 'true', 'claim', 'studies', 'show', 'retinol', 'promotes', 'aging', 'dont', 'understand', 'clinical', 'trials', 'love', 'evaluate', 'science']",29
5LLl4neKRgk,Doctor Reacts To Rough Soccer Injuries,Doctor Mike,10880256,151475,"Hey Doc!
In Italy (where Inter Milan plays) it's forbidden to practice any agonistic sport with any pregressed heavy heart condition, like Eriksen. It's not even about insurance, it's just that here we really don't want to take any risk of that kind, which tbh is one of the few things I really appreciate about Italian administration. 

I know it's a little late for this info but hope it helps, I discovered you recently",@theunicorns7756,,0,2026-01-08T23:11:26Z,hey doc in italy where inter milan plays its forbidden to practice any agonistic sport with any pregressed heavy heart condition like eriksen its not even about insurance its just that here we really dont want to take any risk of that kind which tbh is one of the few things i really appreciate about italian administration i know its a little late for this info but hope it helps i discovered you recently,doctor reacts to rough soccer injuries,doctor,"['hey', 'doc', 'italy', 'inter', 'milan', 'plays', 'forbidden', 'practice', 'agonistic', 'sport', 'pregressed', 'heavy', 'heart', 'condition', 'eriksen', 'insurance', 'dont', 'want', 'take', 'risk', 'kind', 'tbh', 'things', 'appreciate', 'italian', 'administration', 'little', 'late', 'info', 'hope', 'helps', 'discovered', 'recently']",33
1l77HA1ta-k,Doctor Reacts To The Wildest TikToks,Doctor Mike,13834039,330801,Love ur vid's,@Allie-fe1eu,@DoctorMike,4,2021-12-03T14:14:58Z,love ur vids,doctor reacts to the wildest tiktoks,doctor,"['love', 'ur', 'vids']",3
J06pEhqOmx0,Doctor reacts to super satisfying pimple pops! #dermreacts #doctorreacts #pimplepop #cystpop,208SkinDoc,13527239,23935,Tío cómo te aprovechas de los vídeos de otras personas😢,@nievesgonzalezgarcia3639,,0,2024-11-16T16:43:33Z,to cmo te aprovechas de los vdeos de otras personas,doctor reacts to super satisfying pimple pops dermreacts doctorreacts pimplepop cystpop,doctor,"['cmo', 'te', 'aprovechas', 'de', 'los', 'vdeos', 'de', 'otras', 'personas']",9
RjBpLeBzkng,Debunking HPV Myths,CBS News,656785,3958,Someone with autoimmune condition can she take HPV VACCINE,@helenokezie1614,,0,2023-09-26T04:09:39Z,someone with autoimmune condition can she take hpv vaccine,debunking hpv myths,doctor,"['someone', 'autoimmune', 'condition', 'take', 'hpv', 'vaccine']",6
zBC68iQjH-k,Doctor Reacts To Cringey Dhar Mann Videos,Doctor Mike,16271610,319001,7:50 ok why is he being adorable? (Not in the way your prolly thinking),@Sophiegirl9586,,1,2026-02-27T23:30:46Z,ok why is he being adorable not in the way your prolly thinking,doctor reacts to cringey dhar mann videos,doctor,"['ok', 'adorable', 'way', 'prolly', 'thinking']",5
VP4x4p-ON9Y,Doctor Reacts To Family Guy Medical Scenes,Doctor Mike,14662374,327954,"4:09 idk doc, it looks like a ligma to me",@rayanson2795,,2,2025-12-23T15:53:00Z,idk doc it looks like a ligma to me,doctor reacts to family guy medical scenes,doctor,"['idk', 'doc', 'looks', 'ligma']",4
rmx6kXSkujo,Doctor Fact-Checks Grandma’s Medical Advice,Doctor Mike,9919018,222931,"Funny thing is I always close my right eye when it's sunny out, and because of that i had exotropia, and I had to go through strabismus surgery to correct my loosened muscles XDDD",@anjalea_ayres,,0,2026-04-11T14:21:12Z,funny thing is i always close my right eye when its sunny out and because of that i had exotropia and i had to go through strabismus surgery to correct my loosened muscles xddd,doctor factchecks grandmas medical advice,doctor,"['funny', 'thing', 'always', 'close', 'right', 'eye', 'sunny', 'exotropia', 'go', 'strabismus', 'surgery', 'correct', 'loosened', 'muscles', 'xddd']",15
VP4x4p-ON9Y,Doctor Reacts To Family Guy Medical Scenes,Doctor Mike,14662374,327954,The Wut Mistakes at the End I'm not gonna click it,@The-Acoustic-M22,,1,2026-04-11T08:35:13Z,the wut mistakes at the end im not gonna click it,doctor reacts to family guy medical scenes,doctor,"['wut', 'mistakes', 'end', 'im', 'gonna', 'click']",6
EaafaBQGYUc,Give Me 8 Minutes. I&#39;ll Save You 25 Years Of Carnivore Mistakes.,Anthony Chaffee MD,769597,31903,"The studies on stevia used whole leaf stevia, not the purified form. The purified form has not been shown to cause the problems regarding fertility and hormone balance. Something to take into consideration.",@melissajanaemiddleton6811,,1,2026-04-24T22:00:55Z,the studies on stevia used whole leaf stevia not the purified form the purified form has not been shown to cause the problems regarding fertility and hormone balance something to take into consideration,give me minutes ill save you years of carnivore mistakes,influencer,"['studies', 'stevia', 'used', 'whole', 'leaf', 'stevia', 'purified', 'form', 'purified', 'form', 'shown', 'cause', 'problems', 'regarding', 'fertility', 'hormone', 'balance', 'something', 'take', 'consideration']",20
FPy4ABZ804c,Ridiculously Absurd 5-Minute Crafts “Health Hacks”,Doctor Mike,21798210,305706,You are obviously not a Gen X child hahahahaha,@girlshawn,,0,2026-02-23T05:36:15Z,you are obviously not a gen x child hahahahaha,ridiculously absurd minute crafts health hacks,doctor,"['obviously', 'gen', 'x', 'child', 'hahahahaha']",5
JslBDMGC9Xw,Real Doctor Reacts to DOC MCSTUFFINS,Doctor Mike,12973459,389433,My fav carton,@ΝίκοςΜαυριδάκης-η7δ,,1,2025-08-22T01:05:24Z,my fav carton,real doctor reacts to doc mcstuffins,doctor,"['fav', 'carton']",2
m4stVVsKVRA,Doctor and Lawyer React To Grey’s Anatomy Malpractice Episode,Doctor Mike,14905060,305666,okay,@wizardkashy3133,@DoctorMike,23,2021-12-02T01:07:08Z,okay,doctor and lawyer react to greys anatomy malpractice episode,doctor,['okay'],1
aRV0dpzuJcY,Fridge Vs Influencers. Zeher Kismein Hai?,Dr Jayesh Sharma,78418,2584,"Thank you dear Dr. Everyone is frightening us,all the time. This is so good, your advice.",@sandralazarus7338,,0,2026-01-06T10:40:09Z,thank you dear dr everyone is frightening usall the time this is so good your advice,fridge vs influencers zeher kismein hai,both,"['thank', 'dear', 'dr', 'everyone', 'frightening', 'usall', 'time', 'good', 'advice']",9
WPIZdNqRVY4,I tried the Carnivore Diet for a week...,Will Tennyson,3073416,83599,Best youtuber for me!💪🏻,@Rankskings,,0,2025-12-05T03:39:14Z,best youtuber for me,i tried the carnivore diet for a week,influencer,"['best', 'youtuber']",2
z88sps6FI88,Doctor Reacts To Scary TikTok Health Advice,Doctor Mike,8902487,212265,"Yeah, your kidneys do the job for you for free",@SamaSalih-p2m,,0,2026-05-02T01:54:43Z,yeah your kidneys do the job for you for free,doctor reacts to scary tiktok health advice,doctor,"['yeah', 'kidneys', 'job', 'free']",4
iRCrg2EGfnU,I DESTROYED These “Doctors” Who Tried to Debunk the Carnivore Diet,FaceIQ,51541,1484,"FaceIQ and Goatis.
Two people I now take advice from.
What to eat and how to live a healthy life.",@bass_freak,,0,2025-10-10T16:32:44Z,faceiq and goatis two people i now take advice from what to eat and how to live a healthy life,i destroyed these doctors who tried to debunk the carnivore diet,doctor,"['faceiq', 'goatis', 'two', 'take', 'advice', 'eat', 'live', 'healthy', 'life']",9
z88sps6FI88,Doctor Reacts To Scary TikTok Health Advice,Doctor Mike,8902487,212265,"I bet, bro thinks plasma is just pee that’s it’s out of your blood  vessels😂",@SamaSalih-p2m,,0,2026-05-02T01:37:59Z,i bet bro thinks plasma is just pee thats its out of your blood vessels,doctor reacts to scary tiktok health advice,doctor,"['bet', 'bro', 'thinks', 'plasma', 'pee', 'thats', 'blood', 'vessels']",8
RFRN1WY98Ik,Real Doctor Reacts to HOUSE M.D. | Medical Drama Review | Doctor Mike,Doctor Mike,15851561,397017,The fact that house md vid view is low simply means this series is safe from dummies,@AlirezaEntezarmahdi,,0,2025-08-15T15:15:27Z,the fact that house md vid view is low simply means this series is safe from dummies,real doctor reacts to house md medical drama review doctor mike,doctor,"['fact', 'house', 'md', 'vid', 'view', 'low', 'simply', 'means', 'series', 'safe', 'dummies']",11
Fu3dOT9aP3E,Doctor Reacts To Cartoon Network Medical Scenes,Doctor Mike,10872484,184793,"Re: Food court, the chicken teriyaki at my local food court is always so tender and juicy. Also used to get pepperoni pizza pretzels with a side of marinara from Auntie Anne's, and I loved loved loved the korean breakfast sandwich and K-dog place that popped up in the last couple years. Fluffy, creamy egg omelette in-between thick, pillowy, buttery bread slices, melted cheese, crispy bacon, savory spicy sauce on the inside and a sweet mayo drizzle to bring it all together. Yum!

Been loving your content Doctor Mike, thanks so much for all you do!",@Tzefyiur,,0,2026-04-24T22:43:33Z,re food court the chicken teriyaki at my local food court is always so tender and juicy also used to get pepperoni pizza pretzels with a side of marinara from auntie annes and i loved loved loved the korean breakfast sandwich and kdog place that popped up in the last couple years fluffy creamy egg omelette inbetween thick pillowy buttery bread slices melted cheese crispy bacon savory spicy sauce on the inside and a sweet mayo drizzle to bring it all together yum been loving your content doctor mike thanks so much for all you do,doctor reacts to cartoon network medical scenes,doctor,"['food', 'court', 'chicken', 'teriyaki', 'local', 'food', 'court', 'always', 'tender', 'juicy', 'used', 'pepperoni', 'pizza', 'pretzels', 'side', 'marinara', 'auntie', 'annes', 'loved', 'loved', 'loved', 'korean', 'breakfast', 'sandwich', 'kdog', 'place', 'popped', 'last', 'couple', 'years', 'fluffy', 'creamy', 'egg', 'omelette', 'inbetween', 'thick', 'pillowy', 'buttery', 'bread', 'slices', 'melted', 'cheese', 'crispy', 'bacon', 'savory', 'spicy', 'sauce', 'inside', 'sweet', 'mayo', 'drizzle', 'bring', 'together', 'yum', 'loving', 'content', 'mike', 'thanks', 'much']",59
2l25ixKvYtk,Extreme diets and health trends people are swearing by | 60 Minutes Australia,60 Minutes Australia,559028,7621,Boring,@classic_two,,0,2025-11-16T18:01:43Z,boring,extreme diets and health trends people are swearing by minutes australia,both,['boring'],1
5HYlXUbnAJY,Doctor Reacts to The Most Dangerous MrBeast Stunts,Doctor Mike,16516750,389961,"6:35 sleep deprivation? What is that…I don’t sometimes sleep for 2 days straight or fall asleep at 8/6 am 😅 [i suspect i have insomnia,I haven’t been tested so just kinda guessing]",@N-E-O-N_neony,,1,2026-01-14T20:45:57Z,sleep deprivation what is thati dont sometimes sleep for days straight or fall asleep at am i suspect i have insomniai havent been tested so just kinda guessing,doctor reacts to the most dangerous mrbeast stunts,doctor,"['sleep', 'deprivation', 'thati', 'dont', 'sometimes', 'sleep', 'days', 'straight', 'fall', 'asleep', 'suspect', 'insomniai', 'havent', 'tested', 'kinda', 'guessing']",16
kbInpn6QWNw,‘SkinnyTok’ Influencers Have Taken Over Health and Wellness Culture—and It’s More TOXIC Than Ever,Susannah Friesen,189711,6372,⁠@len519keep with your excuses for 0 discipline and laziness,@Choco-u4n,@Choco-u4n,0,2025-08-07T23:38:14Z,lenkeep with your excuses for discipline and laziness,skinnytok influencers have taken over health and wellness cultureand its more toxic than ever,influencer,"['lenkeep', 'excuses', 'discipline', 'laziness']",4
gj4RJHq52Bk,“Influencers” don’t understand “raw milk”,Kyle Hill,491662,36880,These influencers are insane!   Lincoln’s mom was killed by raw milk.,@willo7734,,1,2025-09-24T01:31:33Z,these influencers are insane lincolns mom was killed by raw milk,influencers dont understand raw milk,influencer,"['insane', 'lincolns', 'mom', 'killed', 'raw', 'milk']",6
jzFY1KDoaeU,Pediatricians Debunk 16 Baby Myths,Insider Science,9781487,160233,"If you love the stories we produce, please vote for us in the Webby Awards by April 16, 2026!
https://vote.webbyawards.com/PublicVoting#/2026/video-film/series-channels/documentary (Boot Camp Series)
https://vote.webbyawards.com/PublicVoting#/2026/video-film/general-video-film/sustainability-environment (How Rich Nations Dump Old Cruise Ships And Oil Tankers In Developing Countries)
https://vote.webbyawards.com/PublicVoting#/2026/video-film/general-video-film/documentary-midform (The Man Who Feeds Gaza's Children)",@InsiderScience,,1,2026-04-08T21:13:14Z,if you love the stories we produce please vote for us in the webby awards by april boot camp series how rich nations dump old cruise ships and oil tankers in developing countries the man who feeds gazas children,pediatricians debunk baby myths,doctor,"['love', 'stories', 'produce', 'please', 'vote', 'us', 'webby', 'awards', 'april', 'boot', 'camp', 'series', 'rich', 'nations', 'dump', 'old', 'cruise', 'ships', 'oil', 'tankers', 'developing', 'countries', 'man', 'feeds', 'gazas', 'children']",26
DhlRgwdDc-E,Debunking the myths of OCD - Natascha M. Santos,TED-Ed,12376188,210988,"- NERVOUS SYSTEM REGULATION 
- VAGUS NERVE 

Everyone should learn about these two things I feel.

Anxiety disorder, panic disorder, ocd, clinical depression or in general stress-anxiety and other chronic illnesses, the above two things are really benefical for these conditions 👍

Type on Youtube :- 

Art of living nervous system regulation video.

Or practices like humming, yawning, gently massaging ears, any other safe technique found on the internet.

And practice it daily.

Thank you so much :)",@rushikeshh_kulkarni,,0,2026-04-19T05:43:25Z,nervous system regulation vagus nerve everyone should learn about these two things i feel anxiety disorder panic disorder ocd clinical depression or in general stressanxiety and other chronic illnesses the above two things are really benefical for these conditions type on youtube art of living nervous system regulation video or practices like humming yawning gently massaging ears any other safe technique found on the internet and practice it daily thank you so much,debunking the myths of ocd natascha m santos,doctor,"['nervous', 'system', 'regulation', 'vagus', 'nerve', 'everyone', 'learn', 'two', 'things', 'feel', 'anxiety', 'disorder', 'panic', 'disorder', 'ocd', 'clinical', 'depression', 'general', 'stressanxiety', 'chronic', 'illnesses', 'two', 'things', 'benefical', 'conditions', 'type', 'art', 'living', 'nervous', 'system', 'regulation', 'practices', 'humming', 'yawning', 'gently', 'massaging', 'ears', 'safe', 'technique', 'found', 'internet', 'practice', 'daily', 'thank', 'much']",45
rmx6kXSkujo,Doctor Fact-Checks Grandma’s Medical Advice,Doctor Mike,9919018,222931,"@Exrseven. what? I don’t even live in USA I have zero clue why you think that but where I’m from Donald trump is known to be a carrot, orange or (kinda racist ngl) Asia because Asia’s tend to be orange in skin color (I don’t make that joke because I think and know it’s racist)",@GGISALIEN,@GGISALIEN,0,2025-10-31T18:11:27Z,exrseven what i dont even live in usa i have zero clue why you think that but where im from donald trump is known to be a carrot orange or kinda racist ngl asia because asias tend to be orange in skin color i dont make that joke because i think and know its racist,doctor factchecks grandmas medical advice,doctor,"['exrseven', 'dont', 'live', 'usa', 'zero', 'clue', 'im', 'donald', 'trump', 'known', 'carrot', 'orange', 'kinda', 'racist', 'ngl', 'asia', 'asias', 'tend', 'orange', 'skin', 'color', 'dont', 'make', 'joke', 'racist']",25
IVGQLxCjudM,Gallbladder Flush - The true science behind the myth,Doctor Klaper,239163,5622,Thanks for sharing your experience. I had almost the same experience but for me the first few flushes produced huge amounts of stone. The stones from the fist flush shines like a green diamond and is very hard but they all floated. I have pictures of those. By the 8 to 10 flush Very few stones came out but could feel there are more still in there. I lost count of how many flushes I have done but it works! I feel like the weight has been lifted off. The last flush I did produced a few big stones so I will do a few more until nothing comes out. I don't drink Epson salt but it still works. Just olive oil and fresh squeezed lemon juice. The only thing I would do different if I had to do it over is to be patient and do them at least 3 months apart so its not too hard on the body. Thank God I did not have to take my gallbladder out. It still works.,@citytrotter517,@henriklarsson5221,2,2026-01-10T03:42:56Z,thanks for sharing your experience i had almost the same experience but for me the first few flushes produced huge amounts of stone the stones from the fist flush shines like a green diamond and is very hard but they all floated i have pictures of those by the to flush very few stones came out but could feel there are more still in there i lost count of how many flushes i have done but it works i feel like the weight has been lifted off the last flush i did produced a few big stones so i will do a few more until nothing comes out i dont drink epson salt but it still works just olive oil and fresh squeezed lemon juice the only thing i would do different if i had to do it over is to be patient and do them at least months apart so its not too hard on the body thank god i did not have to take my gallbladder out it still works,gallbladder flush the true science behind the myth,doctor,"['thanks', 'sharing', 'experience', 'almost', 'experience', 'first', 'flushes', 'produced', 'huge', 'amounts', 'stone', 'stones', 'fist', 'flush', 'shines', 'green', 'diamond', 'hard', 'floated', 'pictures', 'flush', 'stones', 'came', 'feel', 'lost', 'count', 'many', 'flushes', 'done', 'works', 'feel', 'weight', 'lifted', 'last', 'flush', 'produced', 'big', 'stones', 'nothing', 'comes', 'dont', 'drink', 'epson', 'salt', 'works', 'olive', 'oil', 'fresh', 'squeezed', 'lemon', 'juice', 'thing', 'different', 'patient', 'least', 'months', 'apart', 'hard', 'body', 'thank', 'god', 'take', 'gallbladder', 'works']",64
MIYMUfv3TK0,Fact-Checking MrWhoseTheBoss Health Hacks,Doctor Mike,4837931,150762,"i hate water. there, i said it. it never occurs to me to drink water and if i have the ability to feel thirsty I guess don't recognize it.
i couldn't find any way to change this without fail, but i'm trying. so far, reminders are useless, i delay them and never drink. it seems very silly, but the only thing that fails the least to me is to carry the water bottle, NOT ON MY BAG/BACKPACK/PURSE, BUT ON MY HANDS (also helps when i see someone else drink water). when i'm sitting down working at my desk i also have to have it in an inconvenient place that doesn't let me forget it, so my lap (i know, seems crazy, but it works 90% of the time). also helps if the water bottle has that sraw thing to be able to drink and keep working/walking at the same time (takes out the excuse in my brain of ""i'll drink in a minute, when i'm done with this thing i'm doing). ah and if the water is cold on winter my brain has a problem with that too so i drink tea and use a thermo (if that is what you call to the metal bottles that keep temperatures, english is not my first language). basically, water bottle needs to be convenient to drink from, in an inconvenient place for me to be aware of its presence always and from there i start to understand my ""excuses"" and fix them.",@p.s.im.sohachan,,0,2024-11-13T15:34:12Z,i hate water there i said it it never occurs to me to drink water and if i have the ability to feel thirsty i guess dont recognize it i couldnt find any way to change this without fail but im trying so far reminders are useless i delay them and never drink it seems very silly but the only thing that fails the least to me is to carry the water bottle not on my bagbackpackpurse but on my hands also helps when i see someone else drink water when im sitting down working at my desk i also have to have it in an inconvenient place that doesnt let me forget it so my lap i know seems crazy but it works of the time also helps if the water bottle has that sraw thing to be able to drink and keep workingwalking at the same time takes out the excuse in my brain of ill drink in a minute when im done with this thing im doing ah and if the water is cold on winter my brain has a problem with that too so i drink tea and use a thermo if that is what you call to the metal bottles that keep temperatures english is not my first language basically water bottle needs to be convenient to drink from in an inconvenient place for me to be aware of its presence always and from there i start to understand my excuses and fix them,factchecking mrwhosetheboss health hacks,doctor,"['hate', 'water', 'never', 'occurs', 'drink', 'water', 'ability', 'feel', 'thirsty', 'guess', 'dont', 'recognize', 'couldnt', 'find', 'way', 'change', 'without', 'fail', 'im', 'trying', 'far', 'reminders', 'useless', 'delay', 'never', 'drink', 'seems', 'silly', 'thing', 'fails', 'least', 'carry', 'water', 'bottle', 'bagbackpackpurse', 'hands', 'helps', 'see', 'someone', 'else', 'drink', 'water', 'im', 'sitting', 'working', 'desk', 'inconvenient', 'place', 'doesnt', 'let', 'forget', 'lap', 'seems', 'crazy', 'works', 'time', 'helps', 'water', 'bottle', 'sraw', 'thing', 'able', 'drink', 'keep', 'workingwalking', 'time', 'takes', 'excuse', 'brain', 'ill', 'drink', 'minute', 'im', 'done', 'thing', 'im', 'ah', 'water', 'cold', 'winter', 'brain', 'problem', 'drink', 'tea', 'use', 'thermo', 'call', 'metal', 'bottles', 'keep', 'temperatures', 'english', 'first', 'language', 'basically', 'water', 'bottle', 'needs', 'convenient', 'drink', 'inconvenient', 'place', 'aware', 'presence', 'always', 'start', 'understand', 'excuses', 'fix']",109
yjUuxe7vj0E,I’ve Only Been Eating Meat For The Past 8 Years | @drjoshaxe,Mikhaila Peterson,826964,27650,Just she heard her genes finally.  People are different,@valeriepvi3667,,1,2025-06-22T16:36:08Z,just she heard her genes finally people are different,ive only been eating meat for the past years drjoshaxe,both,"['heard', 'genes', 'finally', 'different']",4
WPIZdNqRVY4,I tried the Carnivore Diet for a week...,Will Tennyson,3073416,83599,the statement about getting back to eating fruit etc. sounded just like a crackhead excited to get back to it.,@Sunnydaze-y3s,,0,2026-02-08T05:52:49Z,the statement about getting back to eating fruit etc sounded just like a crackhead excited to get back to it,i tried the carnivore diet for a week,influencer,"['statement', 'getting', 'back', 'eating', 'fruit', 'etc', 'sounded', 'crackhead', 'excited', 'back']",10
nOgg-_vav_8,"Food Theory: Liver King, The RAW Truth! (Carnivore Diet)",The Food Theorists,5965267,161185,Why i feel i am the only one on the planet that loves liver? Like man sheep liver is actually tasty even in whe wrong hands (unless it's raw or not cooked properly) I will eat it.,@AhmetTahaDEMIRCIOGLU,,0,2025-07-15T19:56:49Z,why i feel i am the only one on the planet that loves liver like man sheep liver is actually tasty even in whe wrong hands unless its raw or not cooked properly i will eat it,food theory liver king the raw truth carnivore diet,influencer,"['feel', 'planet', 'loves', 'liver', 'man', 'sheep', 'liver', 'tasty', 'whe', 'wrong', 'hands', 'unless', 'raw', 'cooked', 'properly', 'eat']",16
RDYA7MFv5xw,I Tried The Diet For Optimal Human Performance,Will Tennyson,3098302,101078,@pedromonteiro1695 always the private accounts talking the most,@03yankeematt,@Paulsaladinomd,1,2024-06-06T15:26:53Z,pedromonteiro always the private accounts talking the most,i tried the diet for optimal human performance,both,"['pedromonteiro', 'always', 'private', 'accounts', 'talking']",5
syBrhLAgM64,Real Doctor Reacts To Painful WWE Injuries,Doctor Mike,31765363,293926,We r going to have to count how many times bro is going to pause the video🤣🤣🤣,@THEonly_k10,,0,2026-04-27T03:52:22Z,we r going to have to count how many times bro is going to pause the video,real doctor reacts to painful wwe injuries,doctor,"['r', 'count', 'many', 'times', 'bro', 'pause']",6
VBduQSuqimc,Doctor Reacts To TERRIBLE TikTok Medical Advice,Doctor Mike,6456646,140851,I got cat scratch fever in middle school it was so bad I couldn’t walk since scratch was on my thigh,@Verycoolcave,,0,2026-05-17T02:31:17Z,i got cat scratch fever in middle school it was so bad i couldnt walk since scratch was on my thigh,doctor reacts to terrible tiktok medical advice,doctor,"['cat', 'scratch', 'fever', 'middle', 'school', 'bad', 'couldnt', 'walk', 'since', 'scratch', 'thigh']",11
HbUo1bmEUg4,Here&#39;s Why Doctor&#39;s NEVER Drink Detox Tea,Doctor Mike,1250824,63113,"⁠​⁠​⁠@msmichelle2196 not even. If those things existed and were so effective, why has the age expectancy recently increased? If they existed a while ago and were easy to get, why did people live so short?",@FentonTheIIV,@TeeNine702,0,2025-10-19T19:03:40Z,msmichelle not even if those things existed and were so effective why has the age expectancy recently increased if they existed a while ago and were easy to get why did people live so short,heres why doctors never drink detox tea,both,"['msmichelle', 'things', 'existed', 'effective', 'age', 'expectancy', 'recently', 'increased', 'existed', 'ago', 'easy', 'live', 'short']",13
FrbiPlT-rJU,TikToks Only A Doctor Can Explain,Doctor Mike,19330238,303619,"4:58 “what’s wrong with me, is that I am drinking my pee.”",@rachelwilliams7851,,0,2026-02-04T21:06:23Z,whats wrong with me is that i am drinking my pee,tiktoks only a doctor can explain,both,"['whats', 'wrong', 'drinking', 'pee']",4
syBrhLAgM64,Real Doctor Reacts To Painful WWE Injuries,Doctor Mike,31765363,293926,4:30 that actually ended his career,@smackdownfan7344,,1,2026-05-06T06:16:36Z,that actually ended his career,real doctor reacts to painful wwe injuries,doctor,"['ended', 'career']",2
rmx6kXSkujo,Doctor Fact-Checks Grandma’s Medical Advice,Doctor Mike,9919018,222931,"Ik you said it just stays there, but fr???",@EnaritaGomez,@EnaritaGomez,0,2026-04-09T06:56:48Z,ik you said it just stays there but fr,doctor factchecks grandmas medical advice,doctor,"['ik', 'stays', 'fr']",3
MWOgIecCPps,The Truth About Lemon Water 😲,Doctor Mike,3131184,140281,"Probably people r not consuming nutrients at all and when they listen to suck stuff, they'll at least a take lemon, instead of all the fast food",@saswatsarangi6669,,0,2026-01-16T19:26:44Z,probably people r not consuming nutrients at all and when they listen to suck stuff theyll at least a take lemon instead of all the fast food,the truth about lemon water,doctor,"['probably', 'r', 'consuming', 'nutrients', 'listen', 'suck', 'stuff', 'theyll', 'least', 'take', 'lemon', 'instead', 'fast', 'food']",14
aRV0dpzuJcY,Fridge Vs Influencers. Zeher Kismein Hai?,Dr Jayesh Sharma,78418,2584,Not true at present. Half baked use of quantum science into any pet theory is a huge part of pseudoscience.,@drjayeshsharma,@SnehalShrimali-h2x,1,2025-12-02T04:17:55Z,not true at present half baked use of quantum science into any pet theory is a huge part of pseudoscience,fridge vs influencers zeher kismein hai,both,"['true', 'present', 'half', 'baked', 'use', 'quantum', 'science', 'pet', 'theory', 'huge', 'part', 'pseudoscience']",12
iRCrg2EGfnU,I DESTROYED These “Doctors” Who Tried to Debunk the Carnivore Diet,FaceIQ,51541,1484,That’s beautiful,@marcusyyoung,,7,2025-10-07T21:05:00Z,thats beautiful,i destroyed these doctors who tried to debunk the carnivore diet,doctor,"['thats', 'beautiful']",2
IVGQLxCjudM,Gallbladder Flush - The true science behind the myth,Doctor Klaper,239163,5622,Brother I would be thankful to you if you let us know what was the size of your stones,@amersayeed1238,@championshipjackets4496,0,2024-06-26T16:54:23Z,brother i would be thankful to you if you let us know what was the size of your stones,gallbladder flush the true science behind the myth,doctor,"['brother', 'thankful', 'let', 'us', 'size', 'stones']",6
ePOGpL-UlH8,TikTok Carnivores Are Getting Worse,AugustTheDuck,618275,26610,So sge went from one extreme to another extreme,@phillipjones5343,,0,2026-03-16T23:32:48Z,so sge went from one extreme to another extreme,tiktok carnivores are getting worse,influencer,"['sge', 'went', 'extreme', 'another', 'extreme']",5
MWOgIecCPps,The Truth About Lemon Water 😲,Doctor Mike,3131184,140281,The guy in the video promoting lemon water is a member of the Church of Scientology and is not going to open himself up to talk to random people off of YouTube who have a lot smaller channels. The guy is a grifter who's son cut ties with him due to his involvement with Scientology and for becoming an unqualified YouTube health guru; his is not a real doctor and just a chiropractor.,@Chaoitcme,@stewartgraham4702,0,2026-01-05T05:01:25Z,the guy in the video promoting lemon water is a member of the church of scientology and is not going to open himself up to talk to random people off of youtube who have a lot smaller channels the guy is a grifter whos son cut ties with him due to his involvement with scientology and for becoming an unqualified youtube health guru his is not a real doctor and just a chiropractor,the truth about lemon water,doctor,"['guy', 'promoting', 'lemon', 'water', 'member', 'church', 'scientology', 'open', 'talk', 'random', 'lot', 'smaller', 'channels', 'guy', 'grifter', 'whos', 'son', 'cut', 'ties', 'due', 'involvement', 'scientology', 'becoming', 'unqualified', 'health', 'guru', 'real', 'chiropractor']",28
ePOGpL-UlH8,TikTok Carnivores Are Getting Worse,AugustTheDuck,618275,26610,"I was lacto-ovo vegetarian for a long time, but my iron dropped; now I eat non-red meat like fish and poultry. I was a lot slimmer when I was vegetarian",@LisaForTruth,,0,2026-04-04T22:02:10Z,i was lactoovo vegetarian for a long time but my iron dropped now i eat nonred meat like fish and poultry i was a lot slimmer when i was vegetarian,tiktok carnivores are getting worse,influencer,"['lactoovo', 'vegetarian', 'long', 'time', 'iron', 'dropped', 'eat', 'nonred', 'meat', 'fish', 'poultry', 'lot', 'slimmer', 'vegetarian']",14
PTHPxaql_Ws,Doctor Reacts To Home Alone Injuries,Doctor Mike,14038428,332523,"My sister once got burned by an iron so she was like really young and my mom told her to pick up the iron and the iron was still on so she picked it up by the handle, but it was too heavy so she like picked it up with her hands and then she got burned and there’s still a scar on her hand today",@Kpop-i6x,,0,2026-02-07T18:55:51Z,my sister once got burned by an iron so she was like really young and my mom told her to pick up the iron and the iron was still on so she picked it up by the handle but it was too heavy so she like picked it up with her hands and then she got burned and theres still a scar on her hand today,doctor reacts to home alone injuries,doctor,"['sister', 'burned', 'iron', 'young', 'mom', 'told', 'pick', 'iron', 'iron', 'picked', 'handle', 'heavy', 'picked', 'hands', 'burned', 'theres', 'scar', 'hand', 'today']",19
7hrKm9STHw0,The WORST 5-Minute Crafts “Health Hacks”,Doctor Mike,15634408,279885,"My Doc: ""Describe the pain.""
Me: ""Imagine putting your stomach in a blender…"" (I really said this lol Yay feeding tubes, Gastroparesis, and high acidity causing a handful of weird pains! 😂👌)",@MannyBots,,0,2026-03-02T05:39:06Z,my doc describe the pain me imagine putting your stomach in a blender i really said this lol yay feeding tubes gastroparesis and high acidity causing a handful of weird pains,the worst minute crafts health hacks,doctor,"['doc', 'describe', 'pain', 'imagine', 'putting', 'stomach', 'blender', 'lol', 'yay', 'feeding', 'tubes', 'gastroparesis', 'high', 'acidity', 'causing', 'handful', 'weird', 'pains']",18
KTlf9OASKjk,TikTok &quot;Health&quot; Products You Should NEVER Buy,Doctor Mike,6496832,142685,"Are these like the ones the snake oil salesman, Dr. Mehmet Oz, made a fortune selling on his TV show. In addition to unfiltered fake medical advice and he didn't even lose his license.",@anonnymowse,,0,2025-11-04T03:12:05Z,are these like the ones the snake oil salesman dr mehmet oz made a fortune selling on his tv show in addition to unfiltered fake medical advice and he didnt even lose his license,tiktok quothealthquot products you should never buy,both,"['ones', 'snake', 'oil', 'salesman', 'dr', 'mehmet', 'oz', 'made', 'fortune', 'selling', 'tv', 'show', 'addition', 'unfiltered', 'fake', 'medical', 'advice', 'didnt', 'lose', 'license']",20
gKvlB-n59og,NUTRITION TRUTHS That Wellness Influencers ❌ DON&#39;T ❌ Want You to Know,Abbey Sharp,217965,8778,You are right to avoid it. It’s crap,@coastaldiva,@clea8176,1,2024-04-20T22:45:35Z,you are right to avoid it its crap,nutrition truths that wellness influencers dont want you to know,influencer,"['right', 'avoid', 'crap']",3
TroGENGRsNk,Doctor Reacts To The Most Extreme Diets | Freaky Eaters,Doctor Mike,16748333,298959,Hi if you see this can u reply hi?,@Aubreyyeeyyy_1,@DoctorMike,28,2022-02-06T20:13:17Z,hi if you see this can u reply hi,doctor reacts to the most extreme diets freaky eaters,doctor,"['hi', 'see', 'u', 'reply', 'hi']",5
aRV0dpzuJcY,Fridge Vs Influencers. Zeher Kismein Hai?,Dr Jayesh Sharma,78418,2584,Aur videos dekhiye. Aap bhi padh ke dekhiye. Poore world ki information aapke haath mein hai. Dhoondhiye.,@drjayeshsharma,@sbaba8458,0,2026-01-08T08:41:17Z,aur videos dekhiye aap bhi padh ke dekhiye poore world ki information aapke haath mein hai dhoondhiye,fridge vs influencers zeher kismein hai,both,"['aur', 'videos', 'dekhiye', 'aap', 'bhi', 'padh', 'ke', 'dekhiye', 'poore', 'world', 'ki', 'information', 'aapke', 'haath', 'mein', 'hai', 'dhoondhiye']",17
h-6XmDlD3mo,The Truth About Detox Smoothies,Doctor Mike,5326716,159309,He has the most valid crashouts. Spewing medical facts to debunk garbage is a valid reason to shout at people.,@aarona3228,,0,2026-05-14T16:50:34Z,he has the most valid crashouts spewing medical facts to debunk garbage is a valid reason to shout at people,the truth about detox smoothies,both,"['valid', 'crashouts', 'spewing', 'medical', 'facts', 'debunk', 'garbage', 'valid', 'reason', 'shout']",10
c9HAqDyXVqg,Doctor Reacts To Hilarious South Park Medical Scenes,Doctor Mike,13675497,327932,Nuh uh,@ZaynneThaWook,@Kinseliplier,0,2026-05-04T04:29:37Z,nuh uh,doctor reacts to hilarious south park medical scenes,doctor,"['nuh', 'uh']",2
ep8ZMq3GLNA,Doctor Fact-Checks TikTok Nutrition Advice,Doctor Mike,14267243,293888,1:35 why would we want evidence from where your mom died,@elijahpolakoffTV,,1,2026-05-11T22:18:02Z,why would we want evidence from where your mom died,doctor factchecks tiktok nutrition advice,doctor,"['want', 'evidence', 'mom', 'died']",4
IVGQLxCjudM,Gallbladder Flush - The true science behind the myth,Doctor Klaper,239163,5622,"People, including conventionally trained MDs and RNs with the balls to try it, report benefits whether they’re gallstones or not. Ever heard of sludge? Any idea what’s in bile?",@raymondwoolson199,,0,2025-06-02T13:45:38Z,people including conventionally trained mds and rns with the balls to try it report benefits whether theyre gallstones or not ever heard of sludge any idea whats in bile,gallbladder flush the true science behind the myth,doctor,"['including', 'conventionally', 'trained', 'mds', 'rns', 'balls', 'try', 'report', 'benefits', 'whether', 'theyre', 'gallstones', 'ever', 'heard', 'sludge', 'idea', 'whats', 'bile']",18
rmx6kXSkujo,Doctor Fact-Checks Grandma’s Medical Advice,Doctor Mike,9919018,222931,An apple a day keeps anyone away of you throw it hard enough,@ClearlyVaporized,,0,2026-05-21T02:28:19Z,an apple a day keeps anyone away of you throw it hard enough,doctor factchecks grandmas medical advice,doctor,"['apple', 'day', 'keeps', 'anyone', 'away', 'throw', 'hard', 'enough']",8
Ya_trIAWIXA,Real Doctor Reacts to THE GOOD DOCTOR | Medical Drama Review | Doctor Mike,Doctor Mike,43893697,1099695,COOOOLEEEEEEE (also rip),@TGSITW,@ItzKrazyCrystal,0,2026-03-28T17:06:54Z,cooooleeeeeee also rip,real doctor reacts to the good doctor medical drama review doctor mike,doctor,"['cooooleeeeeee', 'rip']",2
P-6q1PXEH-g,The Worst TikTok Carnivore Yet,AugustTheDuck,1737670,52554,Augustthedumbass does,@SSnake4425,@KokoSchoko-u1w,0,2026-01-07T21:22:28Z,augustthedumbass does,the worst tiktok carnivore yet,influencer,['augustthedumbass'],1
ymVkv3GFzN0,"TOP 1% WOMAN ROUTINE: How I Stay Productive, Healthy &amp; Balanced",Dr Faye Bate,2387469,52779,Thanks for posting this.,@ThanhhoaTranle,,0,2025-09-29T09:25:11Z,thanks for posting this,top woman routine how i stay productive healthy amp balanced,doctor,"['thanks', 'posting']",2
_Alg1tjXiIs,Unhinged Wellness Influencers.. Insane Health advice!,Isabella Lanter,193321,7684,That man drinking the coconut water is gonna POOP a lot on his flight 😂,@journeyjulie3973,,0,2024-11-12T03:20:20Z,that man drinking the coconut water is gonna poop a lot on his flight,unhinged wellness influencers insane health advice,influencer,"['man', 'drinking', 'coconut', 'water', 'gonna', 'poop', 'lot', 'flight']",8
5HYlXUbnAJY,Doctor Reacts to The Most Dangerous MrBeast Stunts,Doctor Mike,16516750,389961,Who’s here in 2025? 💀,@CallMehLara486,,2,2025-02-02T09:26:53Z,whos here in,doctor reacts to the most dangerous mrbeast stunts,doctor,['whos'],1
gj4RJHq52Bk,“Influencers” don’t understand “raw milk”,Kyle Hill,491662,36880,"Wrong, the food I make is the most dangerous",@TronXgore,,0,2025-08-26T04:55:00Z,wrong the food i make is the most dangerous,influencers dont understand raw milk,influencer,"['wrong', 'food', 'make', 'dangerous']",4
2DVcs9kP97s,Scientist debunks: The worst skincare misinformation on TikTok,Lab Muffin Beauty Science,542411,26370,My thoughts exactly,@Xgennn57,@inthegrass11,0,2024-09-28T13:27:06Z,my thoughts exactly,scientist debunks the worst skincare misinformation on tiktok,doctor,"['thoughts', 'exactly']",2
eGPLf4TZv0g,Doctor Reacts To Bizarre Health &quot;Hack&quot; Videos,Doctor Mike,12940800,299646,8:57 Mike just spoke the truth 😭🥀💔,@user-sl5zk3vc5p,,1,2026-01-02T20:54:32Z,mike just spoke the truth,doctor reacts to bizarre health quothackquot videos,doctor,"['mike', 'spoke', 'truth']",3
ePOGpL-UlH8,TikTok Carnivores Are Getting Worse,AugustTheDuck,618275,26610,"ThatVeganTeacher vs ThatCarnivoreTeacher. The battle of all ages.


Although last I read us humans are omnivores so both win. But you can't teach everyone",@AtkataffTheAlpha,,0,2024-10-05T20:57:30Z,thatveganteacher vs thatcarnivoreteacher the battle of all ages although last i read us humans are omnivores so both win but you cant teach everyone,tiktok carnivores are getting worse,influencer,"['thatveganteacher', 'vs', 'thatcarnivoreteacher', 'battle', 'ages', 'although', 'last', 'read', 'us', 'humans', 'omnivores', 'win', 'cant', 'teach', 'everyone']",15
8dY_VDan7pw,Why I Quit Carnivore,Lillie Kane,520826,23260,Beautiful body❤🎉🎉🎉🎉🎉🎉,@jasonkolinsky5884,,0,2025-11-14T11:02:37Z,beautiful body,why i quit carnivore,influencer,"['beautiful', 'body']",2
7hrKm9STHw0,The WORST 5-Minute Crafts “Health Hacks”,Doctor Mike,15634408,279885,"Ulnar nerve! Yeah, I had so much constant pain that I had to have surgery to move the nerve just a few millimeters to one side. Within a week, the pain reduced dramatically. I didn't care that my arm was immobilized for a couple of weeks or that I had 5in of baseball stitching on my elbow; I had relief! Now I have to buck up and get my other elbow fixed.",@smachendree,,0,2026-04-04T08:03:02Z,ulnar nerve yeah i had so much constant pain that i had to have surgery to move the nerve just a few millimeters to one side within a week the pain reduced dramatically i didnt care that my arm was immobilized for a couple of weeks or that i had in of baseball stitching on my elbow i had relief now i have to buck up and get my other elbow fixed,the worst minute crafts health hacks,doctor,"['ulnar', 'nerve', 'yeah', 'much', 'constant', 'pain', 'surgery', 'move', 'nerve', 'millimeters', 'side', 'within', 'week', 'pain', 'reduced', 'dramatically', 'didnt', 'care', 'arm', 'immobilized', 'couple', 'weeks', 'baseball', 'stitching', 'elbow', 'relief', 'buck', 'elbow', 'fixed']",29
Gf50BB8rQLE,First Aid Hacks That Should Be Illegal,Doctor Mike,13688395,290446,6:34 ice also works,@Rants_and_stuff,,0,2026-04-24T18:30:29Z,ice also works,first aid hacks that should be illegal,doctor,"['ice', 'works']",2
q8FuCE2kWHo,Dieta Carnívora: A Verdade Científica que os Influencers Escondem,Endócrino e talks com Dr. Carlos Seraphim,37399,4157,EU CHEGUEI NUMA CONCLUSÃO: O MEU CARDIOLOGISTA FUMA UM ATRAZ DO OUTRO......... É DIABÉTICO E COME MACARRÃO QUASE TODOS OS DIAS E MISTURA GORDURA JUNTO ..........E TOMA REFRIGERANTE 0    E. .. COME PIPOCA AS 2 DA MANHÃ ...........E QUANDO EU FALEI PRA ELE TA ERRADO?????? ELE RESPONDEU FAÇA O QUE EU DIGO E NÃO FSÇA O QUE EU FAÇO !!!!!!!!!!! ENTÃO EU TERMINEI A AMISADE ECOM ELE E PROCUREI UM OUTRO SEMIDEUS,@rogeriolima4256,,2,2026-03-30T18:33:48Z,eu cheguei numa concluso o meu cardiologista fuma um atraz do outro diabtico e come macarro quase todos os dias e mistura gordura junto e toma refrigerante e come pipoca as da manh e quando eu falei pra ele ta errado ele respondeu faa o que eu digo e no fsa o que eu fao ento eu terminei a amisade ecom ele e procurei um outro semideus,dieta carnvora a verdade cientfica que os influencers escondem,both,"['eu', 'cheguei', 'numa', 'concluso', 'meu', 'cardiologista', 'fuma', 'um', 'atraz', 'outro', 'diabtico', 'e', 'come', 'macarro', 'quase', 'todos', 'os', 'dias', 'e', 'mistura', 'gordura', 'junto', 'e', 'toma', 'refrigerante', 'e', 'come', 'pipoca', 'da', 'manh', 'e', 'quando', 'eu', 'falei', 'pra', 'ele', 'ta', 'errado', 'ele', 'respondeu', 'faa', 'que', 'eu', 'digo', 'e', 'fsa', 'que', 'eu', 'fao', 'ento', 'eu', 'terminei', 'amisade', 'ecom', 'ele', 'e', 'procurei', 'um', 'outro', 'semideus']",60
OweSs5lTKJA,Tongkat Ali - How Health Influencers SCAM You,Dr Brad Stanfield,221034,2635,*spam advertisement.,@Replicant-by1eh,@AnsDươngBảoAnh,1,2025-04-19T07:59:44Z,spam advertisement,tongkat ali how health influencers scam you,both,"['spam', 'advertisement']",2
gKvlB-n59og,NUTRITION TRUTHS That Wellness Influencers ❌ DON&#39;T ❌ Want You to Know,Abbey Sharp,217965,8778,"AG1 is the most ridiculously expensive supplement for what it's actually giving you. It's like 75% Spirulina combined with a multivitamin and a probiotic. That's basically it. If you want the benefits of AG1, just buy those things separately and save yourself like $80 a month.",@nichtsistkostenlos6565,,1,2023-12-01T19:57:39Z,ag is the most ridiculously expensive supplement for what its actually giving you its like spirulina combined with a multivitamin and a probiotic thats basically it if you want the benefits of ag just buy those things separately and save yourself like a month,nutrition truths that wellness influencers dont want you to know,influencer,"['ag', 'ridiculously', 'expensive', 'supplement', 'giving', 'spirulina', 'combined', 'multivitamin', 'probiotic', 'thats', 'basically', 'want', 'benefits', 'ag', 'buy', 'things', 'separately', 'save', 'month']",19
_Alg1tjXiIs,Unhinged Wellness Influencers.. Insane Health advice!,Isabella Lanter,193321,7684,I think the meat lovers talking sh*t about vegetables have a reaction to them and get bloated because they have messed up their gut microbiota by just eating meat,@liviaatum6692,,0,2025-05-26T15:12:26Z,i think the meat lovers talking sht about vegetables have a reaction to them and get bloated because they have messed up their gut microbiota by just eating meat,unhinged wellness influencers insane health advice,influencer,"['meat', 'lovers', 'talking', 'sht', 'vegetables', 'reaction', 'bloated', 'messed', 'gut', 'microbiota', 'eating', 'meat']",12
IxwcmuNrn1c,Dying Teen Listened to a Wellness Influencer Over Science | Law &amp; Order | NBC,Law & Order,80127,1257,"I think it wasn't just an influencer, it was someone running a physical center to house her and who could manipulate her physical access to materials (hence, preventing her from seeing MRIs showing worsening progression).",@chord5625,@LuccaRPG,2,2026-03-09T00:24:07Z,i think it wasnt just an influencer it was someone running a physical center to house her and who could manipulate her physical access to materials hence preventing her from seeing mris showing worsening progression,dying teen listened to a wellness influencer over science law amp order nbc,influencer,"['wasnt', 'someone', 'running', 'physical', 'center', 'house', 'manipulate', 'physical', 'access', 'materials', 'hence', 'preventing', 'seeing', 'mris', 'showing', 'worsening', 'progression']",17
kEODwPMftHA,Doctors React To Horrifying Old Medical Devices,Doctor Mike,12738464,266633,So that is were the saying (BLOWING SMOKE UP YOUR ASS),@FredStpierre,,1,2025-08-10T20:11:28Z,so that is were the saying blowing smoke up your ass,doctors react to horrifying old medical devices,doctor,"['saying', 'blowing', 'smoke', 'ass']",4
jzFY1KDoaeU,Pediatricians Debunk 16 Baby Myths,Insider Science,9781487,160233,3:14 the better your baby sleeps during the day the better they sleep at night. And your baby should have 3-4 naps still a day at 6mo. Most babies drop to 3 naps around this time.,@lillymurray8408,,6,2025-04-14T02:52:24Z,the better your baby sleeps during the day the better they sleep at night and your baby should have naps still a day at mo most babies drop to naps around this time,pediatricians debunk baby myths,doctor,"['better', 'baby', 'sleeps', 'day', 'better', 'sleep', 'night', 'baby', 'naps', 'day', 'mo', 'babies', 'drop', 'naps', 'around', 'time']",16
2l25ixKvYtk,Extreme diets and health trends people are swearing by | 60 Minutes Australia,60 Minutes Australia,559028,7621,"The more fat and protein I eat, the less refined and processed food I eat…the better my health has become… in almost every measurable way… I’ve tried many ways of eating…. Mostly carnivore is easily the best for my body…. Please consider it for yourself… it may save your life…",@softballbryan,,0,2024-05-22T19:47:03Z,the more fat and protein i eat the less refined and processed food i eatthe better my health has become in almost every measurable way ive tried many ways of eating mostly carnivore is easily the best for my body please consider it for yourself it may save your life,extreme diets and health trends people are swearing by minutes australia,both,"['fat', 'protein', 'eat', 'less', 'refined', 'processed', 'food', 'eatthe', 'better', 'health', 'become', 'almost', 'every', 'measurable', 'way', 'ive', 'tried', 'many', 'ways', 'eating', 'mostly', 'carnivore', 'easily', 'best', 'body', 'please', 'consider', 'may', 'save', 'life']",30
gj4RJHq52Bk,“Influencers” don’t understand “raw milk”,Kyle Hill,491662,36880,We do need less stupid people rn so…..😅,@so_hip_,,0,2025-08-25T04:19:05Z,we do need less stupid people rn so,influencers dont understand raw milk,influencer,"['need', 'less', 'stupid', 'rn']",4
FrbiPlT-rJU,TikToks Only A Doctor Can Explain,Doctor Mike,19330238,303619,And your temples too right?,@chelseashurmantine8153,@Fliege113,0,2026-03-21T19:02:28Z,and your temples too right,tiktoks only a doctor can explain,both,"['temples', 'right']",2
VWKd8B98ia4,Doctor Mike Reacts To House MD | Compilation,Doctor Mike,15137517,205800,ive decided that these reactions are how im going to watch medical dramas from now on,@demi_goddex,,0,2026-03-12T17:26:57Z,ive decided that these reactions are how im going to watch medical dramas from now on,doctor mike reacts to house md compilation,doctor,"['ive', 'decided', 'reactions', 'im', 'medical', 'dramas']",6
4apUOuJO90A,EVERYONE Has Quit Carnivore! Doctor Explains,Dr. Eric Westman - Adapt Your Life,499037,16706,"Yes ,its just this guys money politics ,his stroke story is bull the ordinary american diet causes far more strokes. Keep up the carnivore .",@mariusmul,,0,2025-06-24T10:42:22Z,yes its just this guys money politics his stroke story is bull the ordinary american diet causes far more strokes keep up the carnivore,everyone has quit carnivore doctor explains,doctor,"['yes', 'guys', 'money', 'politics', 'stroke', 'story', 'bull', 'ordinary', 'american', 'diet', 'causes', 'far', 'strokes', 'keep', 'carnivore']",15
7UHD0aTFNkA,TikTok Carnivores Are Insane,AugustTheDuck,2031913,58993,@JackCornwell-jv2kynope you’ll be lacking in many vitamins,@clintonbaird5465,@clintonbaird5465,0,2025-12-18T19:35:15Z,jackcornwelljvkynope youll be lacking in many vitamins,tiktok carnivores are insane,influencer,"['jackcornwelljvkynope', 'youll', 'lacking', 'many', 'vitamins']",5
IVGQLxCjudM,Gallbladder Flush - The true science behind the myth,Doctor Klaper,239163,5622,"Why doesnt someone just test the stones, to see what they contain?",@ccasell,@Dj87887,3,2025-11-17T22:04:40Z,why doesnt someone just test the stones to see what they contain,gallbladder flush the true science behind the myth,doctor,"['doesnt', 'someone', 'test', 'stones', 'see', 'contain']",6
KTlf9OASKjk,TikTok &quot;Health&quot; Products You Should NEVER Buy,Doctor Mike,6496832,142685,So true lol 😂,@Blahblahblittyblah,@dreamcaught3876,3,2025-11-07T22:33:01Z,so true lol,tiktok quothealthquot products you should never buy,both,"['true', 'lol']",2
OweSs5lTKJA,Tongkat Ali - How Health Influencers SCAM You,Dr Brad Stanfield,221034,2635,Another doctor  pushing big pharmaceutical,@franklinsimon6668,,5,2024-01-27T04:12:59Z,another doctor pushing big pharmaceutical,tongkat ali how health influencers scam you,both,"['another', 'pushing', 'big', 'pharmaceutical']",4
NErfR6OW7m8,Debunking the worst haircare advice on TikTok,Lab Muffin Beauty Science,1296082,50700,"I can't really speak for everyone else, but I'm totally confused with all the info out there. It's tough to figure out what or who to trust. Life is tough enough as it is, without turning cleanliness and appearance into a scientific process, regardless of hair type, color, or age. It really gets overwhelming. I'm really happy I found your channel. A huge sigh of relief! ❤🎉",@karynsharp2505,,0,2026-03-13T19:10:58Z,i cant really speak for everyone else but im totally confused with all the info out there its tough to figure out what or who to trust life is tough enough as it is without turning cleanliness and appearance into a scientific process regardless of hair type color or age it really gets overwhelming im really happy i found your channel a huge sigh of relief,debunking the worst haircare advice on tiktok,doctor,"['cant', 'speak', 'everyone', 'else', 'im', 'totally', 'confused', 'info', 'tough', 'figure', 'trust', 'life', 'tough', 'enough', 'without', 'turning', 'cleanliness', 'appearance', 'scientific', 'process', 'regardless', 'hair', 'type', 'color', 'age', 'gets', 'overwhelming', 'im', 'happy', 'found', 'huge', 'sigh', 'relief']",33
P-6q1PXEH-g,The Worst TikTok Carnivore Yet,AugustTheDuck,1737670,52554,But what about the meat sweat stink? Loool,@KatherineHarvey-n6g,,0,2026-03-01T17:31:12Z,but what about the meat sweat stink loool,the worst tiktok carnivore yet,influencer,"['meat', 'sweat', 'stink', 'loool']",4
m4stVVsKVRA,Doctor and Lawyer React To Grey’s Anatomy Malpractice Episode,Doctor Mike,14905060,305666,"OK, I haven't even watched the episode yet, and I'm excited about it. Since I found this on my phone, I'll have to watch it on my TV to truly enjoy it.",@lemonlime623,,0,2025-02-24T02:16:16Z,ok i havent even watched the episode yet and im excited about it since i found this on my phone ill have to watch it on my tv to truly enjoy it,doctor and lawyer react to greys anatomy malpractice episode,doctor,"['ok', 'havent', 'watched', 'episode', 'yet', 'im', 'excited', 'since', 'found', 'phone', 'ill', 'tv', 'truly', 'enjoy']",14
ePOGpL-UlH8,TikTok Carnivores Are Getting Worse,AugustTheDuck,618275,26610,Cool story bro,@yangtse55,@yungnootswat,0,2025-01-25T07:46:19Z,cool story bro,tiktok carnivores are getting worse,influencer,"['cool', 'story', 'bro']",3
Gf50BB8rQLE,First Aid Hacks That Should Be Illegal,Doctor Mike,13688395,290446,"4:24 start of the add 
5:26 end of the add",@Bloxyboom123,,0,2026-05-15T13:46:46Z,start of the add end of the add,first aid hacks that should be illegal,doctor,"['start', 'add', 'end', 'add']",4
MIYMUfv3TK0,Fact-Checking MrWhoseTheBoss Health Hacks,Doctor Mike,4837931,150762,@mrwhosetheboss,@nasehadib2203,,0,2024-06-19T16:59:28Z,mrwhosetheboss,factchecking mrwhosetheboss health hacks,doctor,['mrwhosetheboss'],1
EaafaBQGYUc,Give Me 8 Minutes. I&#39;ll Save You 25 Years Of Carnivore Mistakes.,Anthony Chaffee MD,769597,31903,Wow thank you for this important info!,@TheCherylish1,,0,2026-04-03T02:47:26Z,wow thank you for this important info,give me minutes ill save you years of carnivore mistakes,influencer,"['wow', 'thank', 'important', 'info']",4
IVGQLxCjudM,Gallbladder Flush - The true science behind the myth,Doctor Klaper,239163,5622,Hey Doctor u r a Fraud …I get green badder stone every time I cleanse my bladder ..  u r a total fraud .. how much Big pharma paid u to vomit on this video,@mikereut6088,,0,2025-04-11T20:36:32Z,hey doctor u r a fraud i get green badder stone every time i cleanse my bladder u r a total fraud how much big pharma paid u to vomit on this video,gallbladder flush the true science behind the myth,doctor,"['hey', 'u', 'r', 'fraud', 'green', 'badder', 'stone', 'every', 'time', 'cleanse', 'bladder', 'u', 'r', 'total', 'fraud', 'much', 'big', 'pharma', 'paid', 'u', 'vomit']",21
1l77HA1ta-k,Doctor Reacts To The Wildest TikToks,Doctor Mike,13834039,330801,0:33 mike pls put warning the holes made me uncomfortable,@LJThommas,,1,2025-05-09T02:07:20Z,mike pls put warning the holes made me uncomfortable,doctor reacts to the wildest tiktoks,doctor,"['mike', 'pls', 'put', 'warning', 'holes', 'made', 'uncomfortable']",7
HbUo1bmEUg4,Here&#39;s Why Doctor&#39;s NEVER Drink Detox Tea,Doctor Mike,1250824,63113,Are you usually drink detox tea in the morning with my coffee inn at bedtimeI try to keep from eating snacks but sometimes I still eat snacks before I go to sleep I drink the tea to help me feel full and not want to eat I really believe this tea is helping me,@ChristForToday101,,0,2025-01-13T05:20:46Z,are you usually drink detox tea in the morning with my coffee inn at bedtimei try to keep from eating snacks but sometimes i still eat snacks before i go to sleep i drink the tea to help me feel full and not want to eat i really believe this tea is helping me,heres why doctors never drink detox tea,both,"['usually', 'drink', 'detox', 'tea', 'morning', 'coffee', 'inn', 'bedtimei', 'try', 'keep', 'eating', 'snacks', 'sometimes', 'eat', 'snacks', 'go', 'sleep', 'drink', 'tea', 'help', 'feel', 'full', 'want', 'eat', 'believe', 'tea', 'helping']",27
W4SNGzEdRXU,Health TikToks To Never Show Your Doctor,Doctor Mike,15211559,246761,3 years ago.,@IdioticSeal,@LuluEditsMuichiro,0,2026-03-01T03:16:55Z,years ago,health tiktoks to never show your doctor,both,"['years', 'ago']",2
WPIZdNqRVY4,I tried the Carnivore Diet for a week...,Will Tennyson,3073416,83599,so...not the carnivore diet then lmao,@obiwanda,@Peterzach85,0,2026-03-12T22:16:15Z,sonot the carnivore diet then lmao,i tried the carnivore diet for a week,influencer,"['sonot', 'carnivore', 'diet', 'lmao']",4
c9HAqDyXVqg,Doctor Reacts To Hilarious South Park Medical Scenes,Doctor Mike,13675497,327932,"@Gitano-k7t I can refer you to a really good proctologist that can take that stick out, little guy.",@effefffffffffffffffffffff,@effefffffffffffffffffffff,1,2025-09-18T17:19:07Z,gitanokt i can refer you to a really good proctologist that can take that stick out little guy,doctor reacts to hilarious south park medical scenes,doctor,"['gitanokt', 'refer', 'good', 'proctologist', 'take', 'stick', 'little', 'guy']",8
Sxzj0skUDg8,Doctor Reacts To DRAMATIC Lifeguard Rescues,Doctor Mike,30044375,362874,"First comment I saw that mentioned the agonal breathing, I wish he mentioned it because that could help someone.",@gts-corner,@Helljumper91,1,2026-03-17T03:31:48Z,first comment i saw that mentioned the agonal breathing i wish he mentioned it because that could help someone,doctor reacts to dramatic lifeguard rescues,doctor,"['first', 'saw', 'mentioned', 'agonal', 'breathing', 'wish', 'mentioned', 'help', 'someone']",9
Gf50BB8rQLE,First Aid Hacks That Should Be Illegal,Doctor Mike,13688395,290446,Why did u say I’m coming for you,@ScarlettBroadheadhead,,0,2026-04-12T14:44:52Z,why did u say im coming for you,first aid hacks that should be illegal,doctor,"['u', 'im', 'coming']",3
DpFPqM-oRIM,Carnivore Diet - I AM STOPPING (202 Days In)- My Last Meal,HomeSteadHow,678698,16077,"Jeff had stage 4 cancer long before he started carnivore. He thrived for 10x the time his doctors gave him. Why someone getting terminal cancer long before starting carnivore scares you away from carnivore, is beyond me, but I wish you the best",@Homesteadhow,@laurelastor5791,0,2025-03-02T12:04:22Z,jeff had stage cancer long before he started carnivore he thrived for x the time his doctors gave him why someone getting terminal cancer long before starting carnivore scares you away from carnivore is beyond me but i wish you the best,carnivore diet i am stopping days in my last meal,influencer,"['jeff', 'stage', 'cancer', 'long', 'started', 'carnivore', 'thrived', 'x', 'time', 'gave', 'someone', 'getting', 'terminal', 'cancer', 'long', 'starting', 'carnivore', 'scares', 'away', 'carnivore', 'beyond', 'wish', 'best']",23
Gf50BB8rQLE,First Aid Hacks That Should Be Illegal,Doctor Mike,13688395,290446,2:26 I know how to fix a snake bite JUST BURN YOUR SELF😂,@Meep_meep-idk,,0,2025-11-25T02:58:36Z,i know how to fix a snake bite just burn your self,first aid hacks that should be illegal,doctor,"['fix', 'snake', 'bite', 'burn', 'self']",5
e4uIyFLUxyw,Doctor Reacts To Ridiculous 5-Minute Crafts Videos,Doctor Mike,23671197,453411,Actually if you try to pop a pimple by using two fingers to try to squeez out not only will it not work but you could risk infection the idea is to stretch the pimple the pus actually comes out and you don't risk infection,@MariaOrtiz-jd9hh,,0,2026-03-14T17:33:38Z,actually if you try to pop a pimple by using two fingers to try to squeez out not only will it not work but you could risk infection the idea is to stretch the pimple the pus actually comes out and you dont risk infection,doctor reacts to ridiculous minute crafts videos,doctor,"['try', 'pop', 'pimple', 'using', 'two', 'fingers', 'try', 'squeez', 'work', 'risk', 'infection', 'idea', 'stretch', 'pimple', 'pus', 'comes', 'dont', 'risk', 'infection']",19
rmx6kXSkujo,Doctor Fact-Checks Grandma’s Medical Advice,Doctor Mike,9919018,222931,@GGthePANcus gays hate trump,@Exrseven.,@GGISALIEN,0,2025-10-31T18:15:48Z,ggthepancus gays hate trump,doctor factchecks grandmas medical advice,doctor,"['ggthepancus', 'gays', 'hate', 'trump']",4
8dY_VDan7pw,Why I Quit Carnivore,Lillie Kane,520826,23260,I think you've been bought out. Good luck with that.,@bakerwbakerw1209,,0,2026-05-08T02:14:41Z,i think youve been bought out good luck with that,why i quit carnivore,influencer,"['youve', 'bought', 'good', 'luck']",4
NY4W7PY3OBY,Doctor Reacts to HILARIOUS TikToks,Doctor Mike,13628710,354175,I SPOTTED THAT TOO,@Ms_Malpractice,@SheHouseOnMyMDTillIWilson,2,2025-12-12T03:25:30Z,i spotted that too,doctor reacts to hilarious tiktoks,doctor,['spotted'],1
C1wlED01hvY,Doctor Reacts To Extreme Medical Conditions,Doctor Mike,11372829,167022,Is the name of the show body blizzard or something different pls tell me,@Truthfulgarbagesoup,,1,2026-04-27T20:10:25Z,is the name of the show body blizzard or something different pls tell me,doctor reacts to extreme medical conditions,doctor,"['name', 'show', 'body', 'blizzard', 'something', 'different', 'pls', 'tell']",8
iRCrg2EGfnU,I DESTROYED These “Doctors” Who Tried to Debunk the Carnivore Diet,FaceIQ,51541,1484,Crazy how bad med schools are,@jacobisheden,@flozziesfoe,15,2025-10-12T17:33:48Z,crazy how bad med schools are,i destroyed these doctors who tried to debunk the carnivore diet,doctor,"['crazy', 'bad', 'med', 'schools']",4
EaafaBQGYUc,Give Me 8 Minutes. I&#39;ll Save You 25 Years Of Carnivore Mistakes.,Anthony Chaffee MD,769597,31903,"Incidentally, I do very well with fermented dairy, yogurt, soft unripened goat cheese and imported feta and pecorino. I was doing hypercarnivore with 2 servings of dairy and 2 servings of fresh fruit a day, i lost weight, toned up and inflammation went way down.",@aphroditeg2712,,0,2026-03-25T18:51:36Z,incidentally i do very well with fermented dairy yogurt soft unripened goat cheese and imported feta and pecorino i was doing hypercarnivore with servings of dairy and servings of fresh fruit a day i lost weight toned up and inflammation went way down,give me minutes ill save you years of carnivore mistakes,influencer,"['incidentally', 'well', 'fermented', 'dairy', 'yogurt', 'soft', 'unripened', 'goat', 'cheese', 'imported', 'feta', 'pecorino', 'hypercarnivore', 'servings', 'dairy', 'servings', 'fresh', 'fruit', 'day', 'lost', 'weight', 'toned', 'inflammation', 'went', 'way']",25
nOgg-_vav_8,"Food Theory: Liver King, The RAW Truth! (Carnivore Diet)",The Food Theorists,5965267,161185,I've been eating liver since I was 10 or something and it's pretty delicious (Leberkäsesemmel),@tianrui860,,0,2025-01-26T14:25:38Z,ive been eating liver since i was or something and its pretty delicious leberksesemmel,food theory liver king the raw truth carnivore diet,influencer,"['ive', 'eating', 'liver', 'since', 'something', 'pretty', 'delicious', 'leberksesemmel']",8
NY4W7PY3OBY,Doctor Reacts to HILARIOUS TikToks,Doctor Mike,13628710,354175,at 7:45 did anyone else read that as meth heads instead of  meatheads,@JaidStreams,,0,2024-08-12T07:27:02Z,at did anyone else read that as meth heads instead of meatheads,doctor reacts to hilarious tiktoks,doctor,"['anyone', 'else', 'read', 'meth', 'heads', 'instead', 'meatheads']",7
PTHPxaql_Ws,Doctor Reacts To Home Alone Injuries,Doctor Mike,14038428,332523,10:30 this actually happened to my dad and he sadly survived 🤣,@Olliekazaam,,1,2026-02-09T18:25:46Z,this actually happened to my dad and he sadly survived,doctor reacts to home alone injuries,doctor,"['happened', 'dad', 'sadly', 'survived']",4
IVGQLxCjudM,Gallbladder Flush - The true science behind the myth,Doctor Klaper,239163,5622,"This presentation was really unnecessarily dramatic. I have done many Gallbladder flushes and it works, and the reason you can get a big stone out is because of all the malic acid (apple juice) you drink for the week prior to the cleanse that softens the stones and the Epsom salt dilates the bile ducts.  
The cleanse works no matter how you try to spin it. I was in extreme gallbladder pain, and I did a series of cleanses and passed hundreds of ""soap stones"" and it literally healed by gallbladder.  
This is where modern medicine and science fail and holistic medicine prevails. 
You would rather have someone lose a vital organ filter, via surgery, rather than try to save it?! Not cool!",@lnicole2504,,29,2024-02-13T20:06:03Z,this presentation was really unnecessarily dramatic i have done many gallbladder flushes and it works and the reason you can get a big stone out is because of all the malic acid apple juice you drink for the week prior to the cleanse that softens the stones and the epsom salt dilates the bile ducts the cleanse works no matter how you try to spin it i was in extreme gallbladder pain and i did a series of cleanses and passed hundreds of soap stones and it literally healed by gallbladder this is where modern medicine and science fail and holistic medicine prevails you would rather have someone lose a vital organ filter via surgery rather than try to save it not cool,gallbladder flush the true science behind the myth,doctor,"['presentation', 'unnecessarily', 'dramatic', 'done', 'many', 'gallbladder', 'flushes', 'works', 'reason', 'big', 'stone', 'malic', 'acid', 'apple', 'juice', 'drink', 'week', 'prior', 'cleanse', 'softens', 'stones', 'epsom', 'salt', 'dilates', 'bile', 'ducts', 'cleanse', 'works', 'matter', 'try', 'spin', 'extreme', 'gallbladder', 'pain', 'series', 'cleanses', 'passed', 'hundreds', 'soap', 'stones', 'literally', 'healed', 'gallbladder', 'modern', 'medicine', 'science', 'fail', 'holistic', 'medicine', 'prevails', 'rather', 'someone', 'lose', 'vital', 'organ', 'filter', 'via', 'surgery', 'rather', 'try', 'save', 'cool']",62
Eb4-MOubIyM,Gynecologist Debunks Viral Birth Control LIES,Mama Doctor Jones,596173,27513,"My ex wife started to take this shit and long story short, she almost become lesbian, than she quit and all that goes away.... Coincidence??? I don't think so.... Doctors get paid from big pharma so they don't shit in the same plate where they eat??? That's a fact",@TheHypercarnivoreChef,,0,2024-05-06T05:06:08Z,my ex wife started to take this shit and long story short she almost become lesbian than she quit and all that goes away coincidence i dont think so doctors get paid from big pharma so they dont shit in the same plate where they eat thats a fact,gynecologist debunks viral birth control lies,doctor,"['ex', 'wife', 'started', 'take', 'shit', 'long', 'story', 'short', 'almost', 'become', 'lesbian', 'quit', 'goes', 'away', 'coincidence', 'dont', 'paid', 'big', 'pharma', 'dont', 'shit', 'plate', 'eat', 'thats', 'fact']",25
OlErnPszQ5k,TikTok CARNIVORES are CRAZY,FunkyFrogBait,6990478,197135,"i was eating. now im scared, physically upset.",@DianaAnAlien,,0,2026-04-21T18:28:16Z,i was eating now im scared physically upset,tiktok carnivores are crazy,influencer,"['eating', 'im', 'scared', 'physically', 'upset']",5
IVGQLxCjudM,Gallbladder Flush - The true science behind the myth,Doctor Klaper,239163,5622,"according to the protocol the epsom salts dilate the bile tubes.
and there is one research which proved with ultrasound that actual gallstones passed.
since you cant post urls in comments, i cant link it...
its on the AAFP site, google this (including double quotes):
""Home Remedy May Help Prevent Surgery in Some Patients with Gallstones""",@tanko.reactions176,,0,2024-07-27T12:29:07Z,according to the protocol the epsom salts dilate the bile tubes and there is one research which proved with ultrasound that actual gallstones passed since you cant post urls in comments i cant link it its on the aafp site google this including double quotes home remedy may help prevent surgery in some patients with gallstones,gallbladder flush the true science behind the myth,doctor,"['according', 'protocol', 'epsom', 'salts', 'dilate', 'bile', 'tubes', 'research', 'proved', 'ultrasound', 'actual', 'gallstones', 'passed', 'since', 'cant', 'post', 'urls', 'comments', 'cant', 'link', 'aafp', 'site', 'google', 'including', 'double', 'quotes', 'home', 'remedy', 'may', 'help', 'prevent', 'surgery', 'patients', 'gallstones']",34
s9Xf1qtdAJw,Carnivore Diet: 47 BEGINNER TIPS For Success,PJ Howland,613912,17651,Will I be in ketosis on the carnivore diet?,@pattyrand8827,,0,2025-01-11T02:30:40Z,will i be in ketosis on the carnivore diet,carnivore diet beginner tips for success,influencer,"['ketosis', 'carnivore', 'diet']",3
yjUuxe7vj0E,I’ve Only Been Eating Meat For The Past 8 Years | @drjoshaxe,Mikhaila Peterson,826964,27650,So tired of theese meat eaters. Thsts why im a vegan and only eat jellyfish.,@MrMunch-xw9fn,,0,2025-08-15T03:02:20Z,so tired of theese meat eaters thsts why im a vegan and only eat jellyfish,ive only been eating meat for the past years drjoshaxe,both,"['tired', 'theese', 'meat', 'eaters', 'thsts', 'im', 'vegan', 'eat', 'jellyfish']",9
BD4Ep93cfpI,"TREAT YOUR BODY LIKE A TEMPLE: Tips on eating healthy, workout routine, &amp; purity as a Christian girl",Ashley Hetherington,161215,9361,As I sit here with a bowl of ice cream. 😂,@Slnaocwe,,0,2023-11-28T21:38:11Z,as i sit here with a bowl of ice cream,treat your body like a temple tips on eating healthy workout routine amp purity as a christian girl,both,"['sit', 'bowl', 'ice', 'cream']",4
TroGENGRsNk,Doctor Reacts To The Most Extreme Diets | Freaky Eaters,Doctor Mike,16748333,298959,I don’t think people understand how scary salmonella is.,@7chances7,,0,2026-03-11T08:56:06Z,i dont think people understand how scary salmonella is,doctor reacts to the most extreme diets freaky eaters,doctor,"['dont', 'understand', 'scary', 'salmonella']",4
iRCrg2EGfnU,I DESTROYED These “Doctors” Who Tried to Debunk the Carnivore Diet,FaceIQ,51541,1484,"Well yeah Muscle meat and liver do contain small amounts of vitamin C but much of it is lost during cooking Eating them raw would preserve more of the vitamin C, if u wanna get some health issues ofc like weakened immunity.",@Marcus.wave122,,0,2026-04-06T23:15:17Z,well yeah muscle meat and liver do contain small amounts of vitamin c but much of it is lost during cooking eating them raw would preserve more of the vitamin c if u wanna get some health issues ofc like weakened immunity,i destroyed these doctors who tried to debunk the carnivore diet,doctor,"['well', 'yeah', 'muscle', 'meat', 'liver', 'contain', 'small', 'amounts', 'vitamin', 'c', 'much', 'lost', 'cooking', 'eating', 'raw', 'preserve', 'vitamin', 'c', 'u', 'wanna', 'health', 'issues', 'ofc', 'weakened', 'immunity']",25
OweSs5lTKJA,Tongkat Ali - How Health Influencers SCAM You,Dr Brad Stanfield,221034,2635,I used ND tongakt ali 2% but It didn’t do much difference,@sachinthakasthuriarachchi3391,,0,2025-06-01T10:55:05Z,i used nd tongakt ali but it didnt do much difference,tongkat ali how health influencers scam you,both,"['used', 'nd', 'tongakt', 'ali', 'didnt', 'much', 'difference']",7
kEODwPMftHA,Doctors React To Horrifying Old Medical Devices,Doctor Mike,12738464,266633,"Tobacco is a stimulant, which should help dialate vessels. Blowing smoke up your a$$ would relieve heavy breathing. Ok, so is this where that phrase comes from?",@jenndowell6446,,0,2026-01-18T06:28:00Z,tobacco is a stimulant which should help dialate vessels blowing smoke up your a would relieve heavy breathing ok so is this where that phrase comes from,doctors react to horrifying old medical devices,doctor,"['tobacco', 'stimulant', 'help', 'dialate', 'vessels', 'blowing', 'smoke', 'relieve', 'heavy', 'breathing', 'ok', 'phrase', 'comes']",13
ePOGpL-UlH8,TikTok Carnivores Are Getting Worse,AugustTheDuck,618275,26610,"Ah, that sneaky seed water... very carnivore and ancestral xD You know, bad coffee can help you release the fudge into the whirlpool; something these carnivores are not very good at given the lack of fiber in their diet, so let them have that at least xD",@jaimeperezmolina8637,,0,2025-03-05T13:23:58Z,ah that sneaky seed water very carnivore and ancestral xd you know bad coffee can help you release the fudge into the whirlpool something these carnivores are not very good at given the lack of fiber in their diet so let them have that at least xd,tiktok carnivores are getting worse,influencer,"['ah', 'sneaky', 'seed', 'water', 'carnivore', 'ancestral', 'xd', 'bad', 'coffee', 'help', 'release', 'fudge', 'whirlpool', 'something', 'carnivores', 'good', 'given', 'lack', 'fiber', 'diet', 'let', 'least', 'xd']",23
2DVcs9kP97s,Scientist debunks: The worst skincare misinformation on TikTok,Lab Muffin Beauty Science,542411,26370,"It must be so amazing to take all the published information as fact. Life would be much easier if I didn't question the sources (and corporate sponsors) of the ""research.""",@Crazyathome24,,0,2025-07-24T21:05:44Z,it must be so amazing to take all the published information as fact life would be much easier if i didnt question the sources and corporate sponsors of the research,scientist debunks the worst skincare misinformation on tiktok,doctor,"['must', 'amazing', 'take', 'published', 'information', 'fact', 'life', 'much', 'easier', 'didnt', 'question', 'sources', 'corporate', 'sponsors', 'research']",15
J91XCItqJbI,Doctor Reacts To Painful Medical Memes,Doctor Mike,14585739,321589,N3ck hurt rupert gaming 😂,@JAC_FilmsTrucks30,,1,2026-02-04T04:28:05Z,nck hurt rupert gaming,doctor reacts to painful medical memes,doctor,"['nck', 'hurt', 'rupert', 'gaming']",4
5HYlXUbnAJY,Doctor Reacts to The Most Dangerous MrBeast Stunts,Doctor Mike,16516750,389961,"i just explained to my family about chest compressions and the might buy me the chest compressions hoodie 
thx dr. mike 4 making this video🥰🥰🥰",@RamaKrishna-wb1lg,,0,2025-10-22T01:42:51Z,i just explained to my family about chest compressions and the might buy me the chest compressions hoodie thx dr mike making this video,doctor reacts to the most dangerous mrbeast stunts,doctor,"['explained', 'family', 'chest', 'compressions', 'might', 'buy', 'chest', 'compressions', 'hoodie', 'thx', 'dr', 'mike', 'making']",13
5LLl4neKRgk,Doctor Reacts To Rough Soccer Injuries,Doctor Mike,10880256,151475,i know this guy was russian,@temu_todo_jjs,,0,2025-12-13T03:55:04Z,i know this guy was russian,doctor reacts to rough soccer injuries,doctor,"['guy', 'russian']",2
WPIZdNqRVY4,I tried the Carnivore Diet for a week...,Will Tennyson,3073416,83599,Definitely coming down off of other work out products,@Kissmyb,,0,2026-01-06T04:48:58Z,definitely coming down off of other work out products,i tried the carnivore diet for a week,influencer,"['definitely', 'coming', 'work', 'products']",4
aRV0dpzuJcY,Fridge Vs Influencers. Zeher Kismein Hai?,Dr Jayesh Sharma,78418,2584,Scarefluencers is a good word,@drjayeshsharma,@KartikKumar-f2f6k,1,2025-12-04T15:46:46Z,scarefluencers is a good word,fridge vs influencers zeher kismein hai,both,"['scarefluencers', 'good', 'word']",3
MIYMUfv3TK0,Fact-Checking MrWhoseTheBoss Health Hacks,Doctor Mike,4837931,150762,What is the brand/model of that balance board?  Is there a link?,@Ken-J-L,,0,2024-01-25T21:14:00Z,what is the brandmodel of that balance board is there a link,factchecking mrwhosetheboss health hacks,doctor,"['brandmodel', 'balance', 'board', 'link']",4
WPIZdNqRVY4,I tried the Carnivore Diet for a week...,Will Tennyson,3073416,83599,"I like your input how you try eating styles but carnivore you can’t give true results till you on it for minimum of 1 month Evan than it won’t be accurate, 3 months before you can truely give honest intake from your point of view , I’m not hating just sharing my input",@deanpropert4641,,0,2026-05-04T22:01:37Z,i like your input how you try eating styles but carnivore you cant give true results till you on it for minimum of month evan than it wont be accurate months before you can truely give honest intake from your point of view im not hating just sharing my input,i tried the carnivore diet for a week,influencer,"['input', 'try', 'eating', 'styles', 'carnivore', 'cant', 'give', 'true', 'results', 'till', 'minimum', 'month', 'evan', 'wont', 'accurate', 'months', 'truely', 'give', 'honest', 'intake', 'point', 'view', 'im', 'hating', 'sharing', 'input']",26
TroGENGRsNk,Doctor Reacts To The Most Extreme Diets | Freaky Eaters,Doctor Mike,16748333,298959,If I didn't have self control id also be drinking 30 cans of coke a day,@RogueSentinel1,,0,2026-03-26T11:38:03Z,if i didnt have self control id also be drinking cans of coke a day,doctor reacts to the most extreme diets freaky eaters,doctor,"['didnt', 'self', 'control', 'id', 'drinking', 'cans', 'coke', 'day']",8
P-6q1PXEH-g,The Worst TikTok Carnivore Yet,AugustTheDuck,1737670,52554,3:33 just saying shit to say shit at this point… why is fat bad for you could you explain in a scientific way?,@KayEsEm,,2,2026-02-05T00:20:54Z,just saying shit to say shit at this point why is fat bad for you could you explain in a scientific way,the worst tiktok carnivore yet,influencer,"['saying', 'shit', 'shit', 'point', 'fat', 'bad', 'explain', 'scientific', 'way']",9
RFRN1WY98Ik,Real Doctor Reacts to HOUSE M.D. | Medical Drama Review | Doctor Mike,Doctor Mike,15851561,397017,Ponedle lo de la mujer como usa el aparato del asma ❤,@KrakenAbogado,,0,2025-07-28T17:30:37Z,ponedle lo de la mujer como usa el aparato del asma,real doctor reacts to house md medical drama review doctor mike,doctor,"['ponedle', 'lo', 'de', 'la', 'mujer', 'como', 'usa', 'el', 'aparato', 'del', 'asma']",11
c9HAqDyXVqg,Doctor Reacts To Hilarious South Park Medical Scenes,Doctor Mike,13675497,327932,@CookieYumYum-f2nI know I am a big fan of it,@ZariaM2013,@skibidisigma1099,0,2025-09-15T21:06:36Z,cookieyumyumfni know i am a big fan of it,doctor reacts to hilarious south park medical scenes,doctor,"['cookieyumyumfni', 'big', 'fan']",3
I_DJ1ney6Kk,Un médecin débunke vos influenceurs préférés !,Charles.co,103059,4232,"Bonjour, l’alopécie areata (pelade) est une maladie auto-immune qui provoque une chute de cheveux ou de poils en plaques rondes, généralement réversible. Nous avons plusieurs vidéos sur la perte de cheveux, n'hésitez pas à les visionner 😊",@Charlesco,@FahadGuindo-w8r,0,2026-03-06T10:18:11Z,bonjour lalopcie areata pelade est une maladie autoimmune qui provoque une chute de cheveux ou de poils en plaques rondes gnralement rversible nous avons plusieurs vidos sur la perte de cheveux nhsitez pas les visionner,un mdecin dbunke vos influenceurs prfrs,both,"['bonjour', 'lalopcie', 'areata', 'pelade', 'est', 'une', 'maladie', 'autoimmune', 'qui', 'provoque', 'une', 'chute', 'de', 'cheveux', 'ou', 'de', 'poils', 'en', 'plaques', 'rondes', 'gnralement', 'rversible', 'nous', 'avons', 'plusieurs', 'vidos', 'sur', 'la', 'perte', 'de', 'cheveux', 'nhsitez', 'pas', 'les', 'visionner']",35
TroGENGRsNk,Doctor Reacts To The Most Extreme Diets | Freaky Eaters,Doctor Mike,16748333,298959,0:33 min. in germany we call this liquid calories.. that you don't need...!!!!,@Fliege113,,0,2026-05-17T17:31:20Z,min in germany we call this liquid calories that you dont need,doctor reacts to the most extreme diets freaky eaters,doctor,"['min', 'germany', 'call', 'liquid', 'calories', 'dont', 'need']",7
I_DJ1ney6Kk,Un médecin débunke vos influenceurs préférés !,Charles.co,103059,4232,​@felipesoreta8533complètement ! Et aucune sanction et les plateformes laissent faire,@yumebykira,@yumebykira,0,2026-03-01T06:48:38Z,felipesoretacompltement et aucune sanction et les plateformes laissent faire,un mdecin dbunke vos influenceurs prfrs,both,"['felipesoretacompltement', 'et', 'aucune', 'sanction', 'et', 'les', 'plateformes', 'laissent', 'faire']",9
KTlf9OASKjk,TikTok &quot;Health&quot; Products You Should NEVER Buy,Doctor Mike,6496832,142685,"5:06 if you're using ""water"" that has a pH of 2.5, you are DUMPING ACID ONTO YOUR HANDS. YOU DO NOT WANT THAT.",@gabrielnever247,,0,2025-08-18T03:17:50Z,if youre using water that has a ph of you are dumping acid onto your hands you do not want that,tiktok quothealthquot products you should never buy,both,"['youre', 'using', 'water', 'ph', 'dumping', 'acid', 'onto', 'hands', 'want']",9
h-6XmDlD3mo,The Truth About Detox Smoothies,Doctor Mike,5326716,159309,"This is absolutely untrue. While your body maintains a strict ph of 7.3-7.4 ish... on its own regardless of what you eat or do... eating more leafy greens, lemons, etc, can take stress off the kidneys and liver; whose job that is to maintain your bodys ph. Eating foods that naturally raise and maintain a healthy ph DOES contribute to overall better health outcomes and ""detox"" your organs by not putting constant strain on the system. 
Side effects of consuming acid forming foods long term (which is basically 100% of the standard fast foods; processed sugar, bleached wheat, meats, dairy, eggs, etc)  are chronic acidosis, bone disease, cancers... along with a host of other major issues. Even the NIH has articles on this specific topic. Do the actual research before trying to make people look stupid, and yourself funny, by insulting people attempting to spread good advice",@Robviously88,,0,2026-05-16T02:34:16Z,this is absolutely untrue while your body maintains a strict ph of ish on its own regardless of what you eat or do eating more leafy greens lemons etc can take stress off the kidneys and liver whose job that is to maintain your bodys ph eating foods that naturally raise and maintain a healthy ph does contribute to overall better health outcomes and detox your organs by not putting constant strain on the system side effects of consuming acid forming foods long term which is basically of the standard fast foods processed sugar bleached wheat meats dairy eggs etc are chronic acidosis bone disease cancers along with a host of other major issues even the nih has articles on this specific topic do the actual research before trying to make people look stupid and yourself funny by insulting people attempting to spread good advice,the truth about detox smoothies,both,"['absolutely', 'untrue', 'body', 'maintains', 'strict', 'ph', 'ish', 'regardless', 'eat', 'eating', 'leafy', 'greens', 'lemons', 'etc', 'take', 'stress', 'kidneys', 'liver', 'whose', 'job', 'maintain', 'bodys', 'ph', 'eating', 'foods', 'naturally', 'raise', 'maintain', 'healthy', 'ph', 'contribute', 'overall', 'better', 'health', 'outcomes', 'detox', 'organs', 'putting', 'constant', 'strain', 'system', 'side', 'effects', 'consuming', 'acid', 'forming', 'foods', 'long', 'term', 'basically', 'standard', 'fast', 'foods', 'processed', 'sugar', 'bleached', 'wheat', 'meats', 'dairy', 'eggs', 'etc', 'chronic', 'acidosis', 'bone', 'disease', 'cancers', 'along', 'host', 'major', 'issues', 'nih', 'articles', 'specific', 'topic', 'actual', 'research', 'trying', 'make', 'look', 'stupid', 'funny', 'insulting', 'attempting', 'spread', 'good', 'advice']",86
nOgg-_vav_8,"Food Theory: Liver King, The RAW Truth! (Carnivore Diet)",The Food Theorists,5965267,161185,Can't wait for you to catch a cold and your doctor to scientifically prove it right in front of your eyes,@pkmntrainerred4247,@danibogomolov6744,1,2026-02-10T20:16:30Z,cant wait for you to catch a cold and your doctor to scientifically prove it right in front of your eyes,food theory liver king the raw truth carnivore diet,influencer,"['cant', 'wait', 'catch', 'cold', 'scientifically', 'prove', 'right', 'front', 'eyes']",9
Gf50BB8rQLE,First Aid Hacks That Should Be Illegal,Doctor Mike,13688395,290446,Honestly I like the PINS and NEEDLES.,@Linda-b4j8c,,0,2026-04-27T04:18:03Z,honestly i like the pins and needles,first aid hacks that should be illegal,doctor,"['honestly', 'pins', 'needles']",3
X4idviwvvFY,The Rise of India&#39;s Fitness Influencer Revolution,Muscle Adventure,102644,4713,Laao bhejo jo bhi edit Krna hai,@ownstoriee,@DineshSahoo-f6g,2,2025-11-02T03:57:34Z,laao bhejo jo bhi edit krna hai,the rise of indias fitness influencer revolution,influencer,"['laao', 'bhejo', 'jo', 'bhi', 'edit', 'krna', 'hai']",7
RWAKbg_CF_E,How “Health Gurus” Trick You ft Gary Brecka,Doctor Mike,1349877,50563,"Then debate Gary Brecka or Aron Siri, he is an attacker, Mr pharmacy",@allannoble2488,,0,2026-01-13T20:27:22Z,then debate gary brecka or aron siri he is an attacker mr pharmacy,how health gurus trick you ft gary brecka,both,"['debate', 'gary', 'brecka', 'aron', 'siri', 'attacker', 'mr', 'pharmacy']",8
X4idviwvvFY,The Rise of India&#39;s Fitness Influencer Revolution,Muscle Adventure,102644,4713,"Thank you for sharing your challenge with me! 
 Bohot bhadiya account hai , buss apni editing skill or video quality imporve karo , day by day , har video mei 1 % editing extra seekho , aur ghar ke saath saath ghar ke bahar jaake bhi video banao , buss 1 saal dedo youtube ko , fir chandi he chandi hai , Best of luck",@lirilsoni,@Sycho_challenger,2,2025-04-05T08:13:26Z,thank you for sharing your challenge with me bohot bhadiya account hai buss apni editing skill or video quality imporve karo day by day har video mei editing extra seekho aur ghar ke saath saath ghar ke bahar jaake bhi video banao buss saal dedo youtube ko fir chandi he chandi hai best of luck,the rise of indias fitness influencer revolution,influencer,"['thank', 'sharing', 'challenge', 'bohot', 'bhadiya', 'account', 'hai', 'buss', 'apni', 'editing', 'skill', 'quality', 'imporve', 'karo', 'day', 'day', 'har', 'mei', 'editing', 'extra', 'seekho', 'aur', 'ghar', 'ke', 'saath', 'saath', 'ghar', 'ke', 'bahar', 'jaake', 'bhi', 'banao', 'buss', 'saal', 'dedo', 'ko', 'fir', 'chandi', 'chandi', 'hai', 'best', 'luck']",42
kEODwPMftHA,Doctors React To Horrifying Old Medical Devices,Doctor Mike,12738464,266633,"Dr. Mike, how do I get rid of a belly button rash on my stomach?",@LauraWenzinger-l6o,,0,2025-06-15T22:43:37Z,dr mike how do i get rid of a belly button rash on my stomach,doctors react to horrifying old medical devices,doctor,"['dr', 'mike', 'rid', 'belly', 'button', 'rash', 'stomach']",7
jzFY1KDoaeU,Pediatricians Debunk 16 Baby Myths,Insider Science,9781487,160233,Yasssss super agree with these things! 🤍🤍🤍,@JoViPrz,,0,2025-06-04T16:57:16Z,yasssss super agree with these things,pediatricians debunk baby myths,doctor,"['yasssss', 'super', 'agree', 'things']",4
5LLl4neKRgk,Doctor Reacts To Rough Soccer Injuries,Doctor Mike,10880256,151475,It’s futbol not soccer!,@Yourtinyuncle,,0,2025-11-11T01:11:44Z,its futbol not soccer,doctor reacts to rough soccer injuries,doctor,"['futbol', 'soccer']",2
MTDkExiOwZU,4 Carnivore Experts: The Ultimate Carnivore Diet For Women 2024,The Primal Podcast,430393,15351,@chavak3497 Absolutely! When my parents started they were 79 and 80. They are now 81 and 83. Their health have tremendously improved. My Mom was bound to a walker to get around and my Dad couldn't walk 20ft without being out of breath. My Mom is no longer using a walker and my Dad walks 6 miles a day.,@DeLa-d4x,@terrigodfrey8260,1,2026-03-12T22:12:26Z,chavak absolutely when my parents started they were and they are now and their health have tremendously improved my mom was bound to a walker to get around and my dad couldnt walk ft without being out of breath my mom is no longer using a walker and my dad walks miles a day,carnivore experts the ultimate carnivore diet for women,influencer,"['chavak', 'absolutely', 'parents', 'started', 'health', 'tremendously', 'improved', 'mom', 'bound', 'walker', 'around', 'dad', 'couldnt', 'walk', 'ft', 'without', 'breath', 'mom', 'longer', 'using', 'walker', 'dad', 'walks', 'miles', 'day']",25
Sxzj0skUDg8,Doctor Reacts To DRAMATIC Lifeguard Rescues,Doctor Mike,30044375,362874,"Story time!!
So I was in a wave pool with my friend and her mom I was in three feet and I swam to five feet with my friend a wave then knocks me back in the water i stay conscious and my friends mom pulls me up and takes me back to three feet. I always remember this day.",@Hello_goodbye12,,3,2026-03-13T14:41:03Z,story time so i was in a wave pool with my friend and her mom i was in three feet and i swam to five feet with my friend a wave then knocks me back in the water i stay conscious and my friends mom pulls me up and takes me back to three feet i always remember this day,doctor reacts to dramatic lifeguard rescues,doctor,"['story', 'time', 'wave', 'pool', 'friend', 'mom', 'three', 'feet', 'swam', 'five', 'feet', 'friend', 'wave', 'knocks', 'back', 'water', 'stay', 'conscious', 'friends', 'mom', 'pulls', 'takes', 'back', 'three', 'feet', 'always', 'remember', 'day']",28
RWAKbg_CF_E,How “Health Gurus” Trick You ft Gary Brecka,Doctor Mike,1349877,50563,Thanks for the misinformation in almost the entire video. You are doing the same thing.,@discoverbitcoin4335,,0,2025-06-07T03:24:40Z,thanks for the misinformation in almost the entire video you are doing the same thing,how health gurus trick you ft gary brecka,both,"['thanks', 'misinformation', 'almost', 'entire', 'thing']",5
nOgg-_vav_8,"Food Theory: Liver King, The RAW Truth! (Carnivore Diet)",The Food Theorists,5965267,161185,Bull said ligma,@Mark175x9,@HiddenStrengthTimelapseDrawing,1,2025-06-06T01:29:43Z,bull said ligma,food theory liver king the raw truth carnivore diet,influencer,"['bull', 'ligma']",2
syBrhLAgM64,Real Doctor Reacts To Painful WWE Injuries,Doctor Mike,31765363,293926,U didn’t do beeewoop!,@DumbandDumber9,,0,2026-03-19T02:46:15Z,u didnt do beeewoop,real doctor reacts to painful wwe injuries,doctor,"['u', 'didnt', 'beeewoop']",3
gj4RJHq52Bk,“Influencers” don’t understand “raw milk”,Kyle Hill,491662,36880,There is also a mysogenistic to this. Our forebears were not as stupid as people think. They might not have known about bacteria. But most societies knew that drinking raw milk could make you sick. So who got up before the rest of the family to heat the stove and the milk? Mothers. Whose work was neither appreciated nor remembered.,@gouachegirl6115,,0,2025-10-12T07:51:35Z,there is also a mysogenistic to this our forebears were not as stupid as people think they might not have known about bacteria but most societies knew that drinking raw milk could make you sick so who got up before the rest of the family to heat the stove and the milk mothers whose work was neither appreciated nor remembered,influencers dont understand raw milk,influencer,"['mysogenistic', 'forebears', 'stupid', 'might', 'known', 'bacteria', 'societies', 'knew', 'drinking', 'raw', 'milk', 'make', 'sick', 'rest', 'family', 'heat', 'stove', 'milk', 'mothers', 'whose', 'work', 'neither', 'appreciated', 'remembered']",24
m4stVVsKVRA,Doctor and Lawyer React To Grey’s Anatomy Malpractice Episode,Doctor Mike,14905060,305666,"Ok so we will not close till we find everything, iv told ppl to throw sutures off of the field before giving it to a dr asking for it if the counts aren't correct. There's really no excuse for this... not only that they show up in X-rays, and the patient would be xrayed if we really couldn't find what ever we are looking for.  Making sure that it's not retained inside said patient.... there's no reason good enough to leave a sponge or instrument inside, unless done on purpose, at which point is thoroughly documented",@southface8838,,0,2026-01-08T01:37:56Z,ok so we will not close till we find everything iv told ppl to throw sutures off of the field before giving it to a dr asking for it if the counts arent correct theres really no excuse for this not only that they show up in xrays and the patient would be xrayed if we really couldnt find what ever we are looking for making sure that its not retained inside said patient theres no reason good enough to leave a sponge or instrument inside unless done on purpose at which point is thoroughly documented,doctor and lawyer react to greys anatomy malpractice episode,doctor,"['ok', 'close', 'till', 'find', 'everything', 'iv', 'told', 'ppl', 'throw', 'sutures', 'field', 'giving', 'dr', 'asking', 'counts', 'arent', 'correct', 'theres', 'excuse', 'show', 'xrays', 'patient', 'xrayed', 'couldnt', 'find', 'ever', 'looking', 'making', 'sure', 'retained', 'inside', 'patient', 'theres', 'reason', 'good', 'enough', 'leave', 'sponge', 'instrument', 'inside', 'unless', 'done', 'purpose', 'point', 'thoroughly', 'documented']",46
WPIZdNqRVY4,I tried the Carnivore Diet for a week...,Will Tennyson,3073416,83599,@JeffC26131 We thrive on eating both meat and plants. Thats what we are made for.,@myrkskog-qb6cc,@alinevieira5435,1,2026-01-05T18:46:10Z,jeffc we thrive on eating both meat and plants thats what we are made for,i tried the carnivore diet for a week,influencer,"['jeffc', 'thrive', 'eating', 'meat', 'plants', 'thats', 'made']",7
S718YtbwrzY,Doctor Blocks Me For Correcting Him,Doctor Mike,10693953,319021,"WHY are dermatologists and chiropractors giving MEDICAL ADVICE, seriously what happened to ""stay in your lane""? "" It would be like taking typical have cream advice from a milk man or internist",@1020bronwyn,,2,2026-02-01T17:23:45Z,why are dermatologists and chiropractors giving medical advice seriously what happened to stay in your lane it would be like taking typical have cream advice from a milk man or internist,doctor blocks me for correcting him,doctor,"['dermatologists', 'chiropractors', 'giving', 'medical', 'advice', 'seriously', 'happened', 'stay', 'lane', 'taking', 'typical', 'cream', 'advice', 'milk', 'man', 'internist']",16
1l77HA1ta-k,Doctor Reacts To The Wildest TikToks,Doctor Mike,13834039,330801,Source?,@IdioticSeal,@AndrewGold-ko7rj,0,2026-03-03T03:15:41Z,source,doctor reacts to the wildest tiktoks,doctor,['source'],1
ep8ZMq3GLNA,Doctor Fact-Checks TikTok Nutrition Advice,Doctor Mike,14267243,293888,"8:32 it's so funny that he paused on this guy looking so smug and self satisfied while Dr. Mike just obliterates these kinda people. The way people can just make these little smug pronouncements of completely false and illogical ""life hacks"" without any actual function behind the ideas... It's just weird and sad. Apparently if you just say something with enough confidence, some people will believe it.",@TheHive616,,0,2025-09-03T14:57:16Z,its so funny that he paused on this guy looking so smug and self satisfied while dr mike just obliterates these kinda people the way people can just make these little smug pronouncements of completely false and illogical life hacks without any actual function behind the ideas its just weird and sad apparently if you just say something with enough confidence some people will believe it,doctor factchecks tiktok nutrition advice,doctor,"['funny', 'paused', 'guy', 'looking', 'smug', 'self', 'satisfied', 'dr', 'mike', 'obliterates', 'kinda', 'way', 'make', 'little', 'smug', 'pronouncements', 'completely', 'false', 'illogical', 'life', 'hacks', 'without', 'actual', 'function', 'behind', 'ideas', 'weird', 'sad', 'apparently', 'something', 'enough', 'confidence', 'believe']",33
MTDkExiOwZU,4 Carnivore Experts: The Ultimate Carnivore Diet For Women 2024,The Primal Podcast,430393,15351,"Who is the killjoy dr?
No one needs to eat more then 2-3 times a day",@jannasletten4583,,0,2024-05-15T12:25:21Z,who is the killjoy dr no one needs to eat more then times a day,carnivore experts the ultimate carnivore diet for women,influencer,"['killjoy', 'dr', 'needs', 'eat', 'times', 'day']",6
VBduQSuqimc,Doctor Reacts To TERRIBLE TikTok Medical Advice,Doctor Mike,6456646,140851,RFK sounds like he’s crying,@operationdesertstorm1478,,0,2026-04-12T22:39:22Z,rfk sounds like hes crying,doctor reacts to terrible tiktok medical advice,doctor,"['rfk', 'sounds', 'hes', 'crying']",4
e4uIyFLUxyw,Doctor Reacts To Ridiculous 5-Minute Crafts Videos,Doctor Mike,23671197,453411,Last time I checked Hydro gel was called Orby’s five minute crafts,@PRETTYCat-l8i,,0,2026-03-16T06:54:32Z,last time i checked hydro gel was called orbys five minute crafts,doctor reacts to ridiculous minute crafts videos,doctor,"['last', 'time', 'checked', 'hydro', 'gel', 'called', 'orbys', 'five', 'minute', 'crafts']",10
S718YtbwrzY,Doctor Blocks Me For Correcting Him,Doctor Mike,10693953,319021,Dude’s ego got crushed by Dr Mike 😂😂,@tonyespinoza57,,0,2026-03-18T21:00:01Z,dudes ego got crushed by dr mike,doctor blocks me for correcting him,doctor,"['dudes', 'ego', 'crushed', 'dr', 'mike']",5
DpFPqM-oRIM,Carnivore Diet - I AM STOPPING (202 Days In)- My Last Meal,HomeSteadHow,678698,16077,The daily bread Jesus was talking about doesn’t exist anymore. Bread today is completely compromised. The Bible also talks about eating fruit and plants which doesn’t exist today because Mann has perverted it and changed it. Our bodies are a temple. We should be respecting our bodies and not putting in poisons.,@Homesteadhow,@ClintJohnson-w7y,0,2025-01-20T00:41:41Z,the daily bread jesus was talking about doesnt exist anymore bread today is completely compromised the bible also talks about eating fruit and plants which doesnt exist today because mann has perverted it and changed it our bodies are a temple we should be respecting our bodies and not putting in poisons,carnivore diet i am stopping days in my last meal,influencer,"['daily', 'bread', 'jesus', 'talking', 'doesnt', 'exist', 'anymore', 'bread', 'today', 'completely', 'compromised', 'bible', 'talks', 'eating', 'fruit', 'plants', 'doesnt', 'exist', 'today', 'mann', 'perverted', 'changed', 'bodies', 'temple', 'respecting', 'bodies', 'putting', 'poisons']",28
RDYA7MFv5xw,I Tried The Diet For Optimal Human Performance,Will Tennyson,3098302,101078,very nice video Will! keep up the great work,@myoscience_19,,0,2026-03-20T16:25:59Z,very nice video will keep up the great work,i tried the diet for optimal human performance,both,"['nice', 'keep', 'great', 'work']",4
Ya_trIAWIXA,Real Doctor Reacts to THE GOOD DOCTOR | Medical Drama Review | Doctor Mike,Doctor Mike,43893697,1099695,"brunette Ryan Gosling explaining my favorite tv show, yay!!",@ur_sunshine,,0,2026-01-21T00:39:47Z,brunette ryan gosling explaining my favorite tv show yay,real doctor reacts to the good doctor medical drama review doctor mike,doctor,"['brunette', 'ryan', 'gosling', 'explaining', 'favorite', 'tv', 'show', 'yay']",8
7hrKm9STHw0,The WORST 5-Minute Crafts “Health Hacks”,Doctor Mike,15634408,279885,4:54 ragebait is crazy icl 😂,@NoyalRobin10-9-08,,0,2026-04-10T00:22:49Z,ragebait is crazy icl,the worst minute crafts health hacks,doctor,"['ragebait', 'crazy', 'icl']",3
7UHD0aTFNkA,TikTok Carnivores Are Insane,AugustTheDuck,2031913,58993,That vegan teacher vs this girl would be crazy 😭,@SaraiWiechers,,0,2025-04-03T04:41:19Z,that vegan teacher vs this girl would be crazy,tiktok carnivores are insane,influencer,"['vegan', 'teacher', 'vs', 'girl', 'crazy']",5
L7dDuY5wGwE,Unhinged Wellness Influencers,Annamarie Forcino,273497,18455,Welp..don't look at the new comments if you don't wanna get jumpscared..💀💀💀,@PickledPurple,@umidigi.G9X,0,2024-11-29T19:52:34Z,welpdont look at the new comments if you dont wanna get jumpscared,unhinged wellness influencers,influencer,"['welpdont', 'look', 'new', 'comments', 'dont', 'wanna', 'jumpscared']",7
7UHD0aTFNkA,TikTok Carnivores Are Insane,AugustTheDuck,2031913,58993,"TBH, they de-platformed @ThatVeganTeacher because she was harassing other creators.",@emjayem1084,,0,2025-12-17T04:35:17Z,tbh they deplatformed thatveganteacher because she was harassing other creators,tiktok carnivores are insane,influencer,"['tbh', 'deplatformed', 'thatveganteacher', 'harassing', 'creators']",5
s9Xf1qtdAJw,Carnivore Diet: 47 BEGINNER TIPS For Success,PJ Howland,613912,17651,"That’s not “conditioning”, it’s just a fact that food is a sensual experience. Denying that doesn’t help anyone.",@BeckieBooBoo,@mikewood3203,2,2024-09-14T21:11:42Z,thats not conditioning its just a fact that food is a sensual experience denying that doesnt help anyone,carnivore diet beginner tips for success,influencer,"['thats', 'conditioning', 'fact', 'food', 'sensual', 'experience', 'denying', 'doesnt', 'help', 'anyone']",10
NErfR6OW7m8,Debunking the worst haircare advice on TikTok,Lab Muffin Beauty Science,1296082,50700,"There is a reason why doctors can only prescribed FDA/etc. Approved medications without 20 disclosure forms! They’re not scientists! They have some research capability, some review capability, but a bachelor student of chemistry will outperform a long practicing doctor in these tasks. This isn’t to degrade doctors - make that student due a doctors job and you’ll have a dozen casualties by the end of the week, but doctors, due to their position of power, often slowly start abusing it outside their skill set (well, within too..). The general rule is, don’t trust a doctor that isn’t doing science with anything novel (as in, not yet with a CDC sentiment on it)",@awwastor,,0,2026-01-07T17:46:31Z,there is a reason why doctors can only prescribed fdaetc approved medications without disclosure forms theyre not scientists they have some research capability some review capability but a bachelor student of chemistry will outperform a long practicing doctor in these tasks this isnt to degrade doctors make that student due a doctors job and youll have a dozen casualties by the end of the week but doctors due to their position of power often slowly start abusing it outside their skill set well within too the general rule is dont trust a doctor that isnt doing science with anything novel as in not yet with a cdc sentiment on it,debunking the worst haircare advice on tiktok,doctor,"['reason', 'prescribed', 'fdaetc', 'approved', 'medications', 'without', 'disclosure', 'forms', 'theyre', 'scientists', 'research', 'capability', 'review', 'capability', 'bachelor', 'student', 'chemistry', 'outperform', 'long', 'practicing', 'tasks', 'isnt', 'degrade', 'make', 'student', 'due', 'job', 'youll', 'dozen', 'casualties', 'end', 'week', 'due', 'position', 'power', 'often', 'slowly', 'start', 'abusing', 'outside', 'skill', 'set', 'well', 'within', 'general', 'rule', 'dont', 'trust', 'isnt', 'science', 'anything', 'novel', 'yet', 'cdc', 'sentiment']",55
gj4RJHq52Bk,“Influencers” don’t understand “raw milk”,Kyle Hill,491662,36880,Good goy,@Luv3_75,,7,2025-09-05T13:21:28Z,good goy,influencers dont understand raw milk,influencer,"['good', 'goy']",2
h-6XmDlD3mo,The Truth About Detox Smoothies,Doctor Mike,5326716,159309,"Its very funny to me when ppl go on these ""cleanses"" and what not. Im thinking to myself like, ""so you hate yourself and flavor?"" I fight my eyes glazing over as they talk about detoxification and what not as i try to stop myself from screaming at them...""You have kidneys and a liver do they not work?!!?""
If i had to guess its the break from the constant processed junk, carbs, and nutritionally stripped food they shove down their throats all day that is making them feel better after a while. Which in turn sells the idea that the diet did anything because they dont fix their eating habits and immediately resume eating garbage so they feel like crud as it builds up until they do the ""cleanse"" again.",@primusdestroyed4379,,0,2026-05-23T01:03:53Z,its very funny to me when ppl go on these cleanses and what not im thinking to myself like so you hate yourself and flavor i fight my eyes glazing over as they talk about detoxification and what not as i try to stop myself from screaming at themyou have kidneys and a liver do they not work if i had to guess its the break from the constant processed junk carbs and nutritionally stripped food they shove down their throats all day that is making them feel better after a while which in turn sells the idea that the diet did anything because they dont fix their eating habits and immediately resume eating garbage so they feel like crud as it builds up until they do the cleanse again,the truth about detox smoothies,both,"['funny', 'ppl', 'go', 'cleanses', 'im', 'thinking', 'hate', 'flavor', 'fight', 'eyes', 'glazing', 'talk', 'detoxification', 'try', 'stop', 'screaming', 'themyou', 'kidneys', 'liver', 'work', 'guess', 'break', 'constant', 'processed', 'junk', 'carbs', 'nutritionally', 'stripped', 'food', 'shove', 'throats', 'day', 'making', 'feel', 'better', 'turn', 'sells', 'idea', 'diet', 'anything', 'dont', 'fix', 'eating', 'habits', 'immediately', 'resume', 'eating', 'garbage', 'feel', 'crud', 'builds', 'cleanse']",52
kFSflqB-Fzs,Dr. Berg Goes Carnivore for 2 Weeks,Dr. Eric Berg DC,1635884,47841,Hey! :) I was thinking of doing a Carnivore but with few veggies and fruits low on the GI. What are your thoughts? Your comment about Carnivore to including honey and berries caught me and i was curious why you wpuldnt recommend it.,@rebeccadyson2766,,0,2026-02-12T16:44:52Z,hey i was thinking of doing a carnivore but with few veggies and fruits low on the gi what are your thoughts your comment about carnivore to including honey and berries caught me and i was curious why you wpuldnt recommend it,dr berg goes carnivore for weeks,both,"['hey', 'thinking', 'carnivore', 'veggies', 'fruits', 'low', 'gi', 'thoughts', 'carnivore', 'including', 'honey', 'berries', 'caught', 'curious', 'wpuldnt', 'recommend']",16
jzFY1KDoaeU,Pediatricians Debunk 16 Baby Myths,Insider Science,9781487,160233,These two got something going on.,@radi0bezel825,,0,2025-11-29T22:28:19Z,these two got something going on,pediatricians debunk baby myths,doctor,"['two', 'something']",2
s9Xf1qtdAJw,Carnivore Diet: 47 BEGINNER TIPS For Success,PJ Howland,613912,17651,"I just found your channel, very down-to-earth and not talking down to us. Spend 30 days on carnivore have lost a little weight but many other things are changing as well which are fantastic. I know I have to give my body at least 90 days to change my metabolism but I truly don't plan on doing anything because I love the carnivore lifestyle and thank you so much for sharing your information I like your videos",@PamelaBrown_QueenB,,0,2024-10-16T23:14:56Z,i just found your channel very downtoearth and not talking down to us spend days on carnivore have lost a little weight but many other things are changing as well which are fantastic i know i have to give my body at least days to change my metabolism but i truly dont plan on doing anything because i love the carnivore lifestyle and thank you so much for sharing your information i like your videos,carnivore diet beginner tips for success,influencer,"['found', 'downtoearth', 'talking', 'us', 'spend', 'days', 'carnivore', 'lost', 'little', 'weight', 'many', 'things', 'changing', 'well', 'fantastic', 'give', 'body', 'least', 'days', 'change', 'metabolism', 'truly', 'dont', 'plan', 'anything', 'love', 'carnivore', 'lifestyle', 'thank', 'much', 'sharing', 'information', 'videos']",33
rmx6kXSkujo,Doctor Fact-Checks Grandma’s Medical Advice,Doctor Mike,9919018,222931,Coca-Cola originally had cocaine,@CringeSwedishBoi,,0,2026-04-15T17:41:49Z,cocacola originally had cocaine,doctor factchecks grandmas medical advice,doctor,"['cocacola', 'originally', 'cocaine']",3
JslBDMGC9Xw,Real Doctor Reacts to DOC MCSTUFFINS,Doctor Mike,12973459,389433,Probably,@TylorHanson,@Mr-murkey-man,0,2025-10-15T19:47:53Z,probably,real doctor reacts to doc mcstuffins,doctor,['probably'],1
DpFPqM-oRIM,Carnivore Diet - I AM STOPPING (202 Days In)- My Last Meal,HomeSteadHow,678698,16077,We just contact you via your website?,@asmradventureasmr,@Homesteadhow,2,2023-10-09T17:09:55Z,we just contact you via your website,carnivore diet i am stopping days in my last meal,influencer,"['contact', 'via', 'website']",3
VWKd8B98ia4,Doctor Mike Reacts To House MD | Compilation,Doctor Mike,15137517,205800,"Don't jump to blame the lab! I worked 40+ years in a clinical lab and saw way too much. The worst ever was a patient in ER that  the Doctor requested a repeat on a couple of tests. The repeat sample wasn't even close to the original results. Extremely angry Doctor noises and two more samples that still did not match. I collected all four samples and headed to blood bank. In less than fifteen minutes, I determined that there were three different blood types among the four samples. I went to the Lab director and we sent one of our own phlebotomists to draw samples. When they returned, we discovered that the original patient had never had blood drawn until our lab person arrived. FOUR times the wrong people had blood drawn. Big executive meeting the next day. I personally observed on multiple occasions, ER personnel draw blood samples from multiple patients, place tubes in different pockets, then walk back to the main station. Once there, pockets were emptied into piles and tunes were THEN labeled. Even after the administration implemented ""foolproof"" patient ID and labeling policies, we still had issues with mislabeled samples. Apathy and overwork can always find work arounds for any system. All hospital personnel are human and make mistakes. Always ask questions and demand answers. Patients can always ask for second opunions.",@michaelkeith8992,,0,2026-04-14T22:48:48Z,dont jump to blame the lab i worked years in a clinical lab and saw way too much the worst ever was a patient in er that the doctor requested a repeat on a couple of tests the repeat sample wasnt even close to the original results extremely angry doctor noises and two more samples that still did not match i collected all four samples and headed to blood bank in less than fifteen minutes i determined that there were three different blood types among the four samples i went to the lab director and we sent one of our own phlebotomists to draw samples when they returned we discovered that the original patient had never had blood drawn until our lab person arrived four times the wrong people had blood drawn big executive meeting the next day i personally observed on multiple occasions er personnel draw blood samples from multiple patients place tubes in different pockets then walk back to the main station once there pockets were emptied into piles and tunes were then labeled even after the administration implemented foolproof patient id and labeling policies we still had issues with mislabeled samples apathy and overwork can always find work arounds for any system all hospital personnel are human and make mistakes always ask questions and demand answers patients can always ask for second opunions,doctor mike reacts to house md compilation,doctor,"['dont', 'jump', 'blame', 'lab', 'worked', 'years', 'clinical', 'lab', 'saw', 'way', 'much', 'worst', 'ever', 'patient', 'er', 'requested', 'repeat', 'couple', 'tests', 'repeat', 'sample', 'wasnt', 'close', 'original', 'results', 'extremely', 'angry', 'noises', 'two', 'samples', 'match', 'collected', 'four', 'samples', 'headed', 'blood', 'bank', 'less', 'fifteen', 'minutes', 'determined', 'three', 'different', 'blood', 'types', 'among', 'four', 'samples', 'went', 'lab', 'director', 'sent', 'phlebotomists', 'draw', 'samples', 'returned', 'discovered', 'original', 'patient', 'never', 'blood', 'drawn', 'lab', 'person', 'arrived', 'four', 'times', 'wrong', 'blood', 'drawn', 'big', 'executive', 'meeting', 'next', 'day', 'personally', 'observed', 'multiple', 'occasions', 'er', 'personnel', 'draw', 'blood', 'samples', 'multiple', 'patients', 'place', 'tubes', 'different', 'pockets', 'walk', 'back', 'main', 'station', 'pockets', 'emptied', 'piles', 'tunes', 'labeled', 'administration', 'implemented', 'foolproof', 'patient', 'id', 'labeling', 'policies', 'issues', 'mislabeled', 'samples', 'apathy', 'overwork', 'always', 'find', 'work', 'arounds', 'system', 'hospital', 'personnel', 'human', 'make', 'mistakes', 'always', 'ask', 'questions', 'demand', 'answers', 'patients', 'always', 'ask', 'second', 'opunions']",131
RDYA7MFv5xw,I Tried The Diet For Optimal Human Performance,Will Tennyson,3098302,101078,this makes me want to try it for real,@TaniaMaita-l1i,,0,2025-12-28T15:33:33Z,this makes me want to try it for real,i tried the diet for optimal human performance,both,"['makes', 'want', 'try', 'real']",4
S718YtbwrzY,Doctor Blocks Me For Correcting Him,Doctor Mike,10693953,319021,I want to be a surgeon when I grow up and I think I know more than that other guy. And calling him Mike is so disrespectful. He really needs to get out of here,@ngang7,,1,2026-03-17T15:13:12Z,i want to be a surgeon when i grow up and i think i know more than that other guy and calling him mike is so disrespectful he really needs to get out of here,doctor blocks me for correcting him,doctor,"['want', 'surgeon', 'grow', 'guy', 'calling', 'mike', 'disrespectful', 'needs']",8
MTDkExiOwZU,4 Carnivore Experts: The Ultimate Carnivore Diet For Women 2024,The Primal Podcast,430393,15351,I can't afford to PAY for a diet. I just follow the Youtube carnivore doctors,@lesliehughes3,@ThePrimal.Podcast,7,2024-02-16T12:22:38Z,i cant afford to pay for a diet i just follow the youtube carnivore doctors,carnivore experts the ultimate carnivore diet for women,influencer,"['cant', 'afford', 'pay', 'diet', 'follow', 'carnivore']",6
a956CdkbnDk,Are Doctor Influencers POISONING Medicine? | Neurosurgeon vs Doctor Dropout,"Kevin Jubbal, M.D.",106982,3282,If your family member has a brain tumor or requires some sort of complex surgery...will you prefer the Doctor who dedicates 100% of his time in the practice of surgery or the one who dedicates just 50% of his time in the practice of surgery?,@foyivostanley5495,,11,2022-06-18T22:57:55Z,if your family member has a brain tumor or requires some sort of complex surgerywill you prefer the doctor who dedicates of his time in the practice of surgery or the one who dedicates just of his time in the practice of surgery,are doctor influencers poisoning medicine neurosurgeon vs doctor dropout,doctor,"['family', 'member', 'brain', 'tumor', 'requires', 'sort', 'complex', 'surgerywill', 'prefer', 'dedicates', 'time', 'practice', 'surgery', 'dedicates', 'time', 'practice', 'surgery']",17
eGPLf4TZv0g,Doctor Reacts To Bizarre Health &quot;Hack&quot; Videos,Doctor Mike,12940800,299646,4:24 WHAT DOES HAT HAVE TO DO WITH YOUR ARM?!,@ShadowTheHedgehogTheULF,,1,2025-08-14T15:32:26Z,what does hat have to do with your arm,doctor reacts to bizarre health quothackquot videos,doctor,"['hat', 'arm']",2
MWOgIecCPps,The Truth About Lemon Water 😲,Doctor Mike,3131184,140281,"I think Dr. Mike is missing the added benefit of drinking the lemon water that's been stirred in the stump of an oak tree, at midnight, during the solstice! ANY good chiropractor knows you also have to put four tufts of feral cat hair, and the fingernail clippings of a juvenile primate in the glass before any ice can be added.. pffft.",@LHILHI-e5u,,0,2026-01-08T17:27:15Z,i think dr mike is missing the added benefit of drinking the lemon water thats been stirred in the stump of an oak tree at midnight during the solstice any good chiropractor knows you also have to put four tufts of feral cat hair and the fingernail clippings of a juvenile primate in the glass before any ice can be added pffft,the truth about lemon water,doctor,"['dr', 'mike', 'missing', 'added', 'benefit', 'drinking', 'lemon', 'water', 'thats', 'stirred', 'stump', 'oak', 'tree', 'midnight', 'solstice', 'good', 'chiropractor', 'knows', 'put', 'four', 'tufts', 'feral', 'cat', 'hair', 'fingernail', 'clippings', 'juvenile', 'primate', 'glass', 'ice', 'added', 'pffft']",32
2l25ixKvYtk,Extreme diets and health trends people are swearing by | 60 Minutes Australia,60 Minutes Australia,559028,7621,"Carnivore, for more than 2 1/2 years, has saved my life and helped me beat my carbohydrate addiction that I fought for the most of 55 years of my life.",@klkshalom,,0,2025-03-21T05:10:04Z,carnivore for more than years has saved my life and helped me beat my carbohydrate addiction that i fought for the most of years of my life,extreme diets and health trends people are swearing by minutes australia,both,"['carnivore', 'years', 'saved', 'life', 'helped', 'beat', 'carbohydrate', 'addiction', 'fought', 'years', 'life']",11
s9Xf1qtdAJw,Carnivore Diet: 47 BEGINNER TIPS For Success,PJ Howland,613912,17651,"I love your suggestion to buy what you like to eat at first. I love New York strip steaks, they had a sale. For three days I had two steaks a day and did great. Should have never mentioned to my brother I was going to eat carnivore. His negativity was irrational but seemed to squash me, so depressing. Don't know why I let an uninformed ignorant person's comments effect me. Silly me.",@elizabethlavet7528,,0,2024-08-06T09:11:52Z,i love your suggestion to buy what you like to eat at first i love new york strip steaks they had a sale for three days i had two steaks a day and did great should have never mentioned to my brother i was going to eat carnivore his negativity was irrational but seemed to squash me so depressing dont know why i let an uninformed ignorant persons comments effect me silly me,carnivore diet beginner tips for success,influencer,"['love', 'suggestion', 'buy', 'eat', 'first', 'love', 'new', 'york', 'strip', 'steaks', 'sale', 'three', 'days', 'two', 'steaks', 'day', 'great', 'never', 'mentioned', 'brother', 'eat', 'carnivore', 'negativity', 'irrational', 'seemed', 'squash', 'depressing', 'dont', 'let', 'uninformed', 'ignorant', 'persons', 'comments', 'effect', 'silly']",35
VP4x4p-ON9Y,Doctor Reacts To Family Guy Medical Scenes,Doctor Mike,14662374,327954,sorry dr.mike but manhood is also ability to make babies..,@plutooo525,,1,2026-02-21T23:40:23Z,sorry drmike but manhood is also ability to make babies,doctor reacts to family guy medical scenes,doctor,"['sorry', 'drmike', 'manhood', 'ability', 'make', 'babies']",6
h7PkIxS9Skg,Woman on Carnivore Diet | Kendahl Landreth,Kendahl Landreth,814593,42426,Really thought she was gonna say she got reported for eating Jeff or something 😭,@ItsJstimeYT,,1,2025-11-29T10:16:53Z,really thought she was gonna say she got reported for eating jeff or something,woman on carnivore diet kendahl landreth,influencer,"['thought', 'gonna', 'reported', 'eating', 'jeff', 'something']",6
C1wlED01hvY,Doctor Reacts To Extreme Medical Conditions,Doctor Mike,11372829,167022,"I love your content and the information you pass on, but damn its hard to pay attention to it, your eyes could melt icebergs bro",@prestoncraven814,,0,2025-10-04T09:50:33Z,i love your content and the information you pass on but damn its hard to pay attention to it your eyes could melt icebergs bro,doctor reacts to extreme medical conditions,doctor,"['love', 'content', 'information', 'pass', 'damn', 'hard', 'pay', 'attention', 'eyes', 'melt', 'icebergs', 'bro']",12
-s3rXAcna3o,Nitesh Soni Exposed | Reality of Fitness Influencers | Dt.Bhawesh | #diettubeindia #roast #shorts,DietTube India,2209968,106426,Maa sod diye bhaiya ji😅😅😅,@girishsharma4700,,0,2026-04-24T19:32:01Z,maa sod diye bhaiya ji,nitesh soni exposed reality of fitness influencers dtbhawesh diettubeindia roast shorts,influencer,"['maa', 'sod', 'diye', 'bhaiya', 'ji']",5
_dQRK-q8u98,Has This Famous Carnivore Influencer Been Lying? - Doctor Reacts,Dr. Eric Westman - Adapt Your Life,417035,17844,Being sent by Satan u mean.,@KaylaHowell-u1s,,0,2026-04-20T22:55:32Z,being sent by satan u mean,has this famous carnivore influencer been lying doctor reacts,doctor,"['sent', 'satan', 'u', 'mean']",4
OlErnPszQ5k,TikTok CARNIVORES are CRAZY,FunkyFrogBait,6990478,197135,10:49 lmao “mayhaps we can have a chicken nugget instead”😅😂😂😂😅😂,@slaythedayawayR,,0,2026-03-24T05:14:19Z,lmao mayhaps we can have a chicken nugget instead,tiktok carnivores are crazy,influencer,"['lmao', 'mayhaps', 'chicken', 'nugget', 'instead']",5
RFRN1WY98Ik,Real Doctor Reacts to HOUSE M.D. | Medical Drama Review | Doctor Mike,Doctor Mike,15851561,397017,TERESA LISBON???,@audraws0214,,0,2025-02-20T00:01:33Z,teresa lisbon,real doctor reacts to house md medical drama review doctor mike,doctor,"['teresa', 'lisbon']",2
FrbiPlT-rJU,TikToks Only A Doctor Can Explain,Doctor Mike,19330238,303619,​@cheyheyy yes it was for me. Now it's fine. What a weird thing to argue with someone about..,@NightC7check,@NightC7check,0,2026-03-24T18:33:34Z,cheyheyy yes it was for me now its fine what a weird thing to argue with someone about,tiktoks only a doctor can explain,both,"['cheyheyy', 'yes', 'fine', 'weird', 'thing', 'argue', 'someone']",7
gKvlB-n59og,NUTRITION TRUTHS That Wellness Influencers ❌ DON&#39;T ❌ Want You to Know,Abbey Sharp,217965,8778,It's wrong to believe in fear mongering & misinformation. Your paranoia is robbing you of enjoying food.,@GrapeCheez2,@patsymcneil3686,0,2024-10-30T20:44:01Z,its wrong to believe in fear mongering misinformation your paranoia is robbing you of enjoying food,nutrition truths that wellness influencers dont want you to know,influencer,"['wrong', 'believe', 'fear', 'mongering', 'misinformation', 'paranoia', 'robbing', 'enjoying', 'food']",9
NY4W7PY3OBY,Doctor Reacts to HILARIOUS TikToks,Doctor Mike,13628710,354175,"Nurse takes 5 mins, but you still can have the full 15 mins w/ the patient. The doctor & the nurse's time do not overlap. They are consecutive. The patient might wait the 20 mins though. (Assuming everything remains on-time).",@jimspetdragons3737,,0,2025-05-03T20:24:29Z,nurse takes mins but you still can have the full mins w the patient the doctor the nurses time do not overlap they are consecutive the patient might wait the mins though assuming everything remains ontime,doctor reacts to hilarious tiktoks,doctor,"['nurse', 'takes', 'mins', 'full', 'mins', 'w', 'patient', 'nurses', 'time', 'overlap', 'consecutive', 'patient', 'might', 'wait', 'mins', 'though', 'assuming', 'everything', 'remains', 'ontime']",20
RDYA7MFv5xw,I Tried The Diet For Optimal Human Performance,Will Tennyson,3098302,101078,Wow this guy is so strong that’s amazing,@Plentyaclips,,0,2026-03-03T19:26:20Z,wow this guy is so strong thats amazing,i tried the diet for optimal human performance,both,"['wow', 'guy', 'strong', 'thats', 'amazing']",5
5LLl4neKRgk,Doctor Reacts To Rough Soccer Injuries,Doctor Mike,10880256,151475,You don’t have a brain,@solitudeguardswood,@BMA263,0,2026-01-27T23:33:22Z,you dont have a brain,doctor reacts to rough soccer injuries,doctor,"['dont', 'brain']",2
VP4x4p-ON9Y,Doctor Reacts To Family Guy Medical Scenes,Doctor Mike,14662374,327954,"Atp ""chest compressions"" is his favorite sentence",@VISVR15,,0,2026-04-10T02:48:45Z,atp chest compressions is his favorite sentence,doctor reacts to family guy medical scenes,doctor,"['atp', 'chest', 'compressions', 'favorite', 'sentence']",5
aRV0dpzuJcY,Fridge Vs Influencers. Zeher Kismein Hai?,Dr Jayesh Sharma,78418,2584,​@drjayeshsharmacurrent isn't available for u,@kavitasihag1,@kavitasihag1,0,2025-12-07T10:09:17Z,drjayeshsharmacurrent isnt available for u,fridge vs influencers zeher kismein hai,both,"['drjayeshsharmacurrent', 'isnt', 'available', 'u']",4
BD4Ep93cfpI,"TREAT YOUR BODY LIKE A TEMPLE: Tips on eating healthy, workout routine, &amp; purity as a Christian girl",Ashley Hetherington,161215,9361,HI ANGELS I LOVE Y’ALL SO MUCH!!! Comment a 🌱 emoji if you see this!,@ashleyhetherington_,,136,2023-05-07T15:49:02Z,hi angels i love yall so much comment a emoji if you see this,treat your body like a temple tips on eating healthy workout routine amp purity as a christian girl,both,"['hi', 'angels', 'love', 'yall', 'much', 'emoji', 'see']",7
VP4x4p-ON9Y,Doctor Reacts To Family Guy Medical Scenes,Doctor Mike,14662374,327954,I do not know how he didn't lose it at the popeye one,@aeronomen,,0,2026-01-20T23:51:59Z,i do not know how he didnt lose it at the popeye one,doctor reacts to family guy medical scenes,doctor,"['didnt', 'lose', 'popeye']",3
MIYMUfv3TK0,Fact-Checking MrWhoseTheBoss Health Hacks,Doctor Mike,4837931,150762,Why do i get tired then when I drink coffee,@cavemanscorner0125,,0,2024-12-25T05:43:57Z,why do i get tired then when i drink coffee,factchecking mrwhosetheboss health hacks,doctor,"['tired', 'drink', 'coffee']",3
S718YtbwrzY,Doctor Blocks Me For Correcting Him,Doctor Mike,10693953,319021,bro aint even on wiki XD,@maim.bierak2951,,1,2026-04-08T23:11:41Z,bro aint even on wiki xd,doctor blocks me for correcting him,doctor,"['bro', 'aint', 'wiki', 'xd']",4
h7PkIxS9Skg,Woman on Carnivore Diet | Kendahl Landreth,Kendahl Landreth,814593,42426,​@corilane9940you did not understand what I said.,@Coolyourtits,@Coolyourtits,0,2025-07-12T15:21:35Z,corilaneyou did not understand what i said,woman on carnivore diet kendahl landreth,influencer,"['corilaneyou', 'understand']",2
7UHD0aTFNkA,TikTok Carnivores Are Insane,AugustTheDuck,2031913,58993,"Here’s a salad carnivores   🥗
                                              👐",@Creamypeanutbutterexotics,,1,2025-10-20T00:22:11Z,heres a salad carnivores,tiktok carnivores are insane,influencer,"['heres', 'salad', 'carnivores']",3
s9Xf1qtdAJw,Carnivore Diet: 47 BEGINNER TIPS For Success,PJ Howland,613912,17651,"@robertdick6319   Lol I usually hide ground meat in pasta and sauce, but I eat it. I just found a way to make a carnivore sauce that is really good. Beef broth, heavy cream,  egg yolk and cream cheese or ricotta cheese. It's not exactly a gravy which is what I was going for, but it does work. And egg whites work as an offset. I really want to make this work because my husband has a lot of skin and other health issues like diabetes. It's not feasible for him to do it alone but it's also not feasible for me to go all in carnivore the way that most say you should. He wants to go no seasoning, no dairy, just meat and eggs. Having me make 2 separate meals is also not feasible... The best thing to do is go on the carnivore diet but the ketovore version and just stick to the vegetables that he doesn't eat or like the smell of, that I've wanted to fix but haven't for 18+ years is what you are saying?",@jpsphoto-vision8803,@jpsphoto-vision8803,0,2024-11-22T19:57:05Z,robertdick lol i usually hide ground meat in pasta and sauce but i eat it i just found a way to make a carnivore sauce that is really good beef broth heavy cream egg yolk and cream cheese or ricotta cheese its not exactly a gravy which is what i was going for but it does work and egg whites work as an offset i really want to make this work because my husband has a lot of skin and other health issues like diabetes its not feasible for him to do it alone but its also not feasible for me to go all in carnivore the way that most say you should he wants to go no seasoning no dairy just meat and eggs having me make separate meals is also not feasible the best thing to do is go on the carnivore diet but the ketovore version and just stick to the vegetables that he doesnt eat or like the smell of that ive wanted to fix but havent for years is what you are saying,carnivore diet beginner tips for success,influencer,"['robertdick', 'lol', 'usually', 'hide', 'ground', 'meat', 'pasta', 'sauce', 'eat', 'found', 'way', 'make', 'carnivore', 'sauce', 'good', 'beef', 'broth', 'heavy', 'cream', 'egg', 'yolk', 'cream', 'cheese', 'ricotta', 'cheese', 'exactly', 'gravy', 'work', 'egg', 'whites', 'work', 'offset', 'want', 'make', 'work', 'husband', 'lot', 'skin', 'health', 'issues', 'diabetes', 'feasible', 'alone', 'feasible', 'go', 'carnivore', 'way', 'wants', 'go', 'seasoning', 'dairy', 'meat', 'eggs', 'make', 'separate', 'meals', 'feasible', 'best', 'thing', 'go', 'carnivore', 'diet', 'ketovore', 'version', 'stick', 'vegetables', 'doesnt', 'eat', 'smell', 'ive', 'wanted', 'fix', 'havent', 'years', 'saying']",75
J91XCItqJbI,Doctor Reacts To Painful Medical Memes,Doctor Mike,14585739,321589,6:24 me laughing in ive walked threw this plant and was fine,@AzurasLunarEclipse,,0,2026-02-05T09:08:48Z,me laughing in ive walked threw this plant and was fine,doctor reacts to painful medical memes,doctor,"['laughing', 'ive', 'walked', 'threw', 'plant', 'fine']",6
5HYlXUbnAJY,Doctor Reacts to The Most Dangerous MrBeast Stunts,Doctor Mike,16516750,389961,But how is he wrong,@Bruh-mn5vz,@answersfromscriptureonline,2,2025-01-23T13:37:00Z,but how is he wrong,doctor reacts to the most dangerous mrbeast stunts,doctor,['wrong'],1
a956CdkbnDk,Are Doctor Influencers POISONING Medicine? | Neurosurgeon vs Doctor Dropout,"Kevin Jubbal, M.D.",106982,3282,Exactly. I always say the same thing because when the day comes and it’s about them they wouldn’t want the 50% doctor 50 % youtuber. Hypocrites!,@aliacampbell7227,@foyivostanley5495,2,2022-06-26T14:25:25Z,exactly i always say the same thing because when the day comes and its about them they wouldnt want the doctor youtuber hypocrites,are doctor influencers poisoning medicine neurosurgeon vs doctor dropout,doctor,"['exactly', 'always', 'thing', 'day', 'comes', 'wouldnt', 'want', 'youtuber', 'hypocrites']",9
L7dDuY5wGwE,Unhinged Wellness Influencers,Annamarie Forcino,273497,18455,seeing the first guy handle a cat tells me all I need to know,@bellabelle8490,,0,2024-11-17T19:05:24Z,seeing the first guy handle a cat tells me all i need to know,unhinged wellness influencers,influencer,"['seeing', 'first', 'guy', 'handle', 'cat', 'tells', 'need']",7
iRCrg2EGfnU,I DESTROYED These “Doctors” Who Tried to Debunk the Carnivore Diet,FaceIQ,51541,1484,"appreciate your research and debunking myths from pseudo intellectuals but personally for me, i’ve always functioned better on a high fruit and veg diet. Not gonna claim it’s better than carnivore though, just that it’s what I like and feel healthy on",@AllThingsReddit_,,0,2025-10-12T21:55:20Z,appreciate your research and debunking myths from pseudo intellectuals but personally for me ive always functioned better on a high fruit and veg diet not gonna claim its better than carnivore though just that its what i like and feel healthy on,i destroyed these doctors who tried to debunk the carnivore diet,doctor,"['appreciate', 'research', 'debunking', 'myths', 'pseudo', 'intellectuals', 'personally', 'ive', 'always', 'functioned', 'better', 'high', 'fruit', 'veg', 'diet', 'gonna', 'claim', 'better', 'carnivore', 'though', 'feel', 'healthy']",22
7hrKm9STHw0,The WORST 5-Minute Crafts “Health Hacks”,Doctor Mike,15634408,279885,For the bra one use the medical syringe and put water in it😂😂😂,@SuhaMughal-q3j,,0,2026-05-03T20:11:36Z,for the bra one use the medical syringe and put water in it,the worst minute crafts health hacks,doctor,"['bra', 'use', 'medical', 'syringe', 'put', 'water']",6
Sxzj0skUDg8,Doctor Reacts To DRAMATIC Lifeguard Rescues,Doctor Mike,30044375,362874,BAHAHHAHAHA FR FR,@Moøny_WCUE,@BobbyBrownnnnn,0,2026-04-18T23:41:01Z,bahahhahaha fr fr,doctor reacts to dramatic lifeguard rescues,doctor,"['bahahhahaha', 'fr', 'fr']",3
